Date,Open,High,Low,Close,Adj Close,Volume
2010-06-29,19.000000,25.000000,17.540001,23.889999,23.889999,18766300
2010-06-30,25.790001,30.420000,23.299999,23.830000,23.830000,17187100
2010-07-01,25.000000,25.920000,20.270000,21.959999,21.959999,8218800
2010-07-02,23.000000,23.100000,18.709999,19.200001,19.200001,5139800
2010-07-06,20.000000,20.000000,15.830000,16.110001,16.110001,6866900
2010-07-07,16.400000,16.629999,14.980000,15.800000,15.800000,6921700
2010-07-08,16.139999,17.520000,15.570000,17.459999,17.459999,7711400
2010-07-09,17.580000,17.900000,16.549999,17.400000,17.400000,4050600
2010-07-12,17.950001,18.070000,17.000000,17.049999,17.049999,2202500
2010-07-13,17.389999,18.639999,16.900000,18.139999,18.139999,2680100
2010-07-14,17.940001,20.150000,17.760000,19.840000,19.840000,4195200
2010-07-15,19.940001,21.500000,19.000000,19.889999,19.889999,3739800
2010-07-16,20.700001,21.299999,20.049999,20.639999,20.639999,2621300
2010-07-19,21.370001,22.250000,20.920000,21.910000,21.910000,2486500
2010-07-20,21.850000,21.850000,20.049999,20.299999,20.299999,1825300
2010-07-21,20.660000,20.900000,19.500000,20.219999,20.219999,1252500
2010-07-22,20.500000,21.250000,20.370001,21.000000,21.000000,957800
2010-07-23,21.190001,21.559999,21.059999,21.290001,21.290001,653600
2010-07-26,21.500000,21.500000,20.299999,20.950001,20.950001,922200
2010-07-27,20.910000,21.180000,20.260000,20.549999,20.549999,619700
2010-07-28,20.549999,20.900000,20.510000,20.719999,20.719999,467200
2010-07-29,20.770000,20.879999,20.000000,20.350000,20.350000,616000
2010-07-30,20.200001,20.440001,19.549999,19.940001,19.940001,426900
2010-08-02,20.500000,20.969999,20.330000,20.920000,20.920000,718100
2010-08-03,21.000000,21.950001,20.820000,21.950001,21.950001,1230500
2010-08-04,21.950001,22.180000,20.850000,21.260000,21.260000,913000
2010-08-05,21.540001,21.549999,20.049999,20.450001,20.450001,796200
2010-08-06,20.100000,20.160000,19.520000,19.590000,19.590000,741900
2010-08-09,19.900000,19.980000,19.450001,19.600000,19.600000,812700
2010-08-10,19.650000,19.650000,18.820000,19.030001,19.030001,1281300
2010-08-11,18.690001,18.879999,17.850000,17.900000,17.900000,797600
2010-08-12,17.799999,17.900000,17.389999,17.600000,17.600000,691000
2010-08-13,18.180000,18.450001,17.660000,18.320000,18.320000,634000
2010-08-16,18.450001,18.799999,18.260000,18.780001,18.780001,485800
2010-08-17,18.959999,19.400000,18.780001,19.150000,19.150000,447900
2010-08-18,19.590000,19.590000,18.600000,18.770000,18.770000,601300
2010-08-19,18.540001,19.250000,18.330000,18.790001,18.790001,579100
2010-08-20,18.650000,19.110001,18.510000,19.100000,19.100000,296000
2010-08-23,19.090000,20.389999,19.000000,20.129999,20.129999,1088100
2010-08-24,19.250000,19.709999,18.950001,19.200001,19.200001,673100
2010-08-25,19.160000,19.980000,18.559999,19.900000,19.900000,503300
2010-08-26,19.889999,20.270000,19.600000,19.750000,19.750000,433800
2010-08-27,19.750000,19.870001,19.500000,19.700001,19.700001,379600
2010-08-30,19.700001,20.190001,19.610001,19.870001,19.870001,732800
2010-08-31,19.660000,19.790001,19.330000,19.480000,19.480000,201100
2010-09-01,19.620001,20.690001,19.600000,20.450001,20.450001,494900
2010-09-02,20.370001,21.240000,20.309999,21.059999,21.059999,487100
2010-09-03,20.870001,21.299999,20.660000,21.049999,21.049999,434600
2010-09-07,20.610001,21.000000,20.500000,20.540001,20.540001,243400
2010-09-08,20.660000,20.950001,20.600000,20.900000,20.900000,288400
2010-09-09,21.000000,21.049999,20.690001,20.709999,20.709999,376200
2010-09-10,20.750000,20.930000,19.760000,20.170000,20.170000,386600
2010-09-13,20.889999,20.900000,20.500000,20.719999,20.719999,360800
2010-09-14,20.540001,21.600000,20.530001,21.120001,21.120001,654700
2010-09-15,20.980000,22.000000,20.790001,21.980000,21.980000,684600
2010-09-16,22.150000,23.160000,20.840000,20.940001,20.940001,2684500
2010-09-17,21.020000,21.320000,19.799999,20.230000,20.230000,1198500
2010-09-20,20.670000,21.350000,20.160000,21.059999,21.059999,947500
2010-09-21,20.889999,21.549999,20.670000,20.770000,20.770000,796000
2010-09-22,20.870001,20.950001,19.799999,19.870001,19.870001,962900
2010-09-23,19.889999,20.139999,19.500000,19.559999,19.559999,668100
2010-09-24,19.950001,20.190001,19.650000,20.100000,20.100000,578900
2010-09-27,20.400000,20.809999,20.049999,20.530001,20.530001,418600
2010-09-28,21.040001,21.490000,20.760000,21.400000,21.400000,1214500
2010-09-29,21.190001,22.030001,21.129999,21.980000,21.980000,1969300
2010-09-30,22.000000,22.150000,20.190001,20.410000,20.410000,2195800
2010-10-01,20.690001,20.750000,20.309999,20.600000,20.600000,597700
2010-10-04,20.430000,21.170000,20.299999,20.990000,20.990000,643600
2010-10-05,21.150000,21.280001,21.010000,21.120001,21.120001,332000
2010-10-06,21.059999,21.260000,20.320000,20.459999,20.459999,313400
2010-10-07,20.570000,20.639999,20.340000,20.430000,20.430000,141000
2010-10-08,20.430000,20.790001,20.389999,20.430000,20.430000,267800
2010-10-11,20.440001,20.700001,20.070000,20.240000,20.240000,171200
2010-10-12,20.200001,20.280001,20.030001,20.240000,20.240000,244000
2010-10-13,20.639999,20.850000,20.360001,20.540001,20.540001,318200
2010-10-14,21.000000,21.030001,20.400000,20.750000,20.750000,294800
2010-10-15,20.889999,20.900000,20.250000,20.540001,20.540001,284700
2010-10-18,20.520000,20.639999,20.219999,20.230000,20.230000,162800
2010-10-19,20.200001,20.410000,20.000000,20.049999,20.049999,245200
2010-10-20,20.160000,20.690001,20.040001,20.650000,20.650000,312500
2010-10-21,20.610001,20.950001,20.450001,20.750000,20.750000,417100
2010-10-22,20.680000,20.930000,20.549999,20.719999,20.719999,161100
2010-10-25,20.940001,20.980000,20.730000,20.850000,20.850000,118500
2010-10-26,20.799999,21.870001,20.510000,21.360001,21.360001,660900
2010-10-27,21.250000,21.379999,20.650000,21.000000,21.000000,356500
2010-10-28,21.389999,21.500000,20.959999,21.190001,21.190001,224200
2010-10-29,21.139999,21.850000,21.049999,21.840000,21.840000,280600
2010-11-01,21.940001,22.750000,21.309999,21.410000,21.410000,455800
2010-11-02,21.680000,21.879999,21.049999,21.250000,21.250000,322500
2010-11-03,21.280001,22.500000,21.160000,21.770000,21.770000,372600
2010-11-04,22.600000,25.330000,22.150000,24.900000,24.900000,1874000
2010-11-05,24.870001,24.969999,23.719999,24.440001,24.440001,1011000
2010-11-08,24.500000,25.000000,24.030001,24.980000,24.980000,509500
2010-11-09,25.000000,25.690001,24.049999,24.629999,24.629999,956400
2010-11-10,24.480000,29.969999,24.049999,29.360001,29.360001,3060500
2010-11-11,28.600000,29.100000,27.330000,28.040001,28.040001,1945300
2010-11-12,28.250000,30.500000,28.070000,29.840000,29.840000,2729100
2010-11-15,30.219999,32.939999,30.219999,30.799999,30.799999,2622900
2010-11-16,31.000000,31.400000,28.420000,29.670000,29.670000,1347600
2010-11-17,30.200001,30.750000,28.610001,29.490000,29.490000,750000
2010-11-18,30.670000,30.740000,28.920000,29.889999,29.889999,956100
2010-11-19,30.160000,31.370001,29.700001,30.990000,30.990000,1150500
2010-11-22,31.570000,33.450001,31.500000,33.400002,33.400002,1529700
2010-11-23,33.290001,35.680000,32.189999,34.570000,34.570000,1577800
2010-11-24,35.270000,35.970001,34.330002,35.470001,35.470001,1425000
2010-11-26,35.599998,36.000000,34.750000,35.320000,35.320000,350600
2010-11-29,35.410000,35.950001,33.330002,34.330002,34.330002,1145600
2010-11-30,33.740002,35.330002,33.410000,35.330002,35.330002,2222600
2010-12-01,35.869999,36.419998,33.450001,34.349998,34.349998,1299200
2010-12-02,34.009998,34.299999,31.200001,32.349998,32.349998,2007000
2010-12-03,32.009998,32.250000,30.870001,31.490000,31.490000,1160100
2010-12-06,31.350000,31.450001,29.559999,30.309999,30.309999,1274400
2010-12-07,30.490000,32.400002,30.049999,31.559999,31.559999,1311300
2010-12-08,32.480000,32.490002,31.520000,32.369999,32.369999,660000
2010-12-09,32.509998,32.720001,31.650000,32.049999,32.049999,406000
2010-12-10,32.049999,32.919998,31.129999,31.520000,31.520000,429400
2010-12-13,31.639999,31.770000,30.400000,30.549999,30.549999,410400
2010-12-14,30.290001,30.389999,27.760000,28.530001,28.530001,1765700
2010-12-15,28.670000,29.969999,28.530001,29.600000,29.600000,742900
2010-12-16,30.000000,30.910000,29.650000,30.809999,30.809999,790100
2010-12-17,31.340000,31.540001,30.709999,31.360001,31.360001,813000
2010-12-20,31.639999,32.189999,31.260000,31.700001,31.700001,523400
2010-12-21,31.799999,32.689999,31.709999,32.259998,32.259998,777700
2010-12-22,32.250000,32.860001,31.700001,32.630001,32.630001,833300
2010-12-23,31.260000,32.480000,29.920000,30.090000,30.090000,1552600
2010-12-27,28.020000,28.580000,25.059999,25.549999,25.549999,9301900
2010-12-28,25.850000,26.750000,25.000000,26.410000,26.410000,4056300
2010-12-29,27.030001,28.010000,26.500000,27.730000,27.730000,3319200
2010-12-30,27.700001,27.900000,26.379999,26.500000,26.500000,2041100
2010-12-31,26.570000,27.250000,26.500000,26.629999,26.629999,1417900
2011-01-03,26.840000,27.000000,25.900000,26.620001,26.620001,1283000
2011-01-04,26.660000,26.950001,26.020000,26.670000,26.670000,1187400
2011-01-05,26.480000,26.900000,26.190001,26.830000,26.830000,1446700
2011-01-06,26.830000,28.000000,26.809999,27.879999,27.879999,2061200
2011-01-07,28.000000,28.580000,27.900000,28.240000,28.240000,2247900
2011-01-10,28.170000,28.680000,28.049999,28.450001,28.450001,1342700
2011-01-11,28.590000,28.709999,26.920000,26.959999,26.959999,1710200
2011-01-12,27.010000,27.400000,26.520000,26.959999,26.959999,964400
2011-01-13,26.959999,26.969999,26.160000,26.219999,26.219999,723600
2011-01-14,26.150000,26.580000,25.610001,25.750000,25.750000,1192000
2011-01-18,25.480000,25.639999,24.750000,25.639999,25.639999,1621700
2011-01-19,25.270000,25.469999,23.750000,24.030001,24.030001,2371500
2011-01-20,24.030001,24.450001,22.370001,22.620001,22.620001,2279900
2011-01-21,23.120001,23.590000,22.709999,23.040001,23.040001,1217000
2011-01-24,23.530001,24.809999,23.230000,24.490000,24.490000,1645100
2011-01-25,24.650000,24.889999,24.020000,24.680000,24.680000,1271500
2011-01-26,24.709999,24.879999,24.100000,24.750000,24.750000,1079900
2011-01-27,24.740000,25.080000,24.530001,24.920000,24.920000,895700
2011-01-28,24.879999,24.879999,23.750000,24.010000,24.010000,1048400
2011-01-31,24.049999,24.120001,23.500000,24.100000,24.100000,830300
2011-02-01,24.309999,24.730000,23.540001,23.910000,23.910000,707800
2011-02-02,24.160000,24.180000,23.670000,23.940001,23.940001,569500
2011-02-03,23.820000,23.900000,23.150000,23.629999,23.629999,512000
2011-02-04,23.440001,23.670000,23.219999,23.459999,23.459999,544000
2011-02-07,23.260000,23.260000,22.879999,23.070000,23.070000,895100
2011-02-08,23.780001,25.250000,23.000000,24.490000,24.490000,3504900
2011-02-09,24.129999,24.180000,22.790001,23.209999,23.209999,2635600
2011-02-10,23.260000,23.639999,22.809999,23.219999,23.219999,836100
2011-02-11,23.250000,23.750000,22.940001,23.250000,23.250000,634500
2011-02-14,23.639999,24.139999,23.049999,23.080000,23.080000,1283100
2011-02-15,23.010000,23.170000,22.559999,22.840000,22.840000,953700
2011-02-16,23.100000,24.969999,23.070000,24.730000,24.730000,4115100
2011-02-17,24.629999,25.490000,23.549999,23.600000,23.600000,2618400
2011-02-18,23.330000,23.490000,22.959999,23.180000,23.180000,2370700
2011-02-22,22.879999,23.000000,21.780001,21.870001,21.870001,2064600
2011-02-23,22.180000,22.500000,21.110001,21.830000,21.830000,1605600
2011-02-24,21.780001,22.580000,21.500000,22.530001,22.530001,1055300
2011-02-25,22.809999,23.850000,22.690001,23.610001,23.610001,1346300
2011-02-28,23.740000,24.100000,23.500000,23.889999,23.889999,1051200
2011-03-01,24.049999,24.320000,23.700001,23.940001,23.940001,1106400
2011-03-02,23.820000,24.280001,23.730000,24.020000,24.020000,663300
2011-03-03,24.480000,24.790001,24.059999,24.360001,24.360001,640200
2011-03-04,24.480000,24.990000,23.780001,24.950001,24.950001,1580100
2011-03-07,24.930000,25.400000,24.700001,24.940001,24.940001,2033600
2011-03-08,24.600000,24.959999,24.000000,24.660000,24.660000,1399900
2011-03-09,24.660000,24.990000,24.270000,24.719999,24.719999,924800
2011-03-10,24.440001,24.490000,23.730000,24.010000,24.010000,1017000
2011-03-11,23.850000,24.250000,23.530001,24.070000,24.070000,930800
2011-03-14,23.820000,24.000000,23.200001,23.250000,23.250000,1166000
2011-03-15,22.200001,22.959999,21.799999,22.950001,22.950001,1318800
2011-03-16,22.860001,23.250000,22.690001,22.820000,22.820000,1169700
2011-03-17,23.240000,23.430000,22.639999,22.809999,22.809999,922600
2011-03-18,23.190001,23.190001,22.510000,22.959999,22.959999,687900
2011-03-21,23.049999,23.049999,22.540001,22.730000,22.730000,411700
2011-03-22,22.730000,22.860001,22.000000,22.190001,22.190001,582900
2011-03-23,22.110001,22.270000,21.770000,22.209999,22.209999,422800
2011-03-24,22.139999,22.379999,21.980000,22.330000,22.330000,462200
2011-03-25,22.430000,23.000000,22.400000,22.750000,22.750000,568000
2011-03-28,22.700001,23.540001,22.549999,23.250000,23.250000,1058100
2011-03-29,23.299999,24.000000,23.209999,23.920000,23.920000,755400
2011-03-30,24.110001,24.490000,23.010000,23.709999,23.709999,1223300
2011-03-31,26.549999,28.709999,26.500000,27.750000,27.750000,11517800
2011-04-01,27.450001,28.180000,26.570000,26.660000,26.660000,2864800
2011-04-04,26.830000,27.000000,25.230000,25.830000,25.830000,2609300
2011-04-05,25.900000,27.000000,25.690001,26.700001,26.700001,3180900
2011-04-06,26.990000,27.010000,25.799999,26.490000,26.490000,1288300
2011-04-07,26.850000,27.940001,26.450001,27.240000,27.240000,2810300
2011-04-08,27.580000,27.600000,26.360001,26.490000,26.490000,1946400
2011-04-11,26.469999,26.530001,25.020000,25.270000,25.270000,1369400
2011-04-12,25.080000,25.209999,24.299999,24.650000,24.650000,1357400
2011-04-13,25.129999,25.690001,24.809999,24.930000,24.930000,1211500
2011-04-14,24.870001,25.280001,24.200001,25.139999,25.139999,983400
2011-04-15,25.650000,26.180000,25.410000,25.580000,25.580000,943500
2011-04-18,25.129999,25.620001,24.360001,25.030001,25.030001,1033900
2011-04-19,25.260000,25.260000,24.650000,25.160000,25.160000,548700
2011-04-20,25.700001,26.090000,25.299999,25.750000,25.750000,837200
2011-04-21,25.850000,26.980000,25.590000,26.740000,26.740000,1386100
2011-04-25,26.700001,26.730000,25.969999,26.389999,26.389999,800900
2011-04-26,26.660000,27.250000,26.309999,26.930000,26.930000,1400000
2011-04-27,26.930000,27.360001,26.629999,27.080000,27.080000,996900
2011-04-28,27.070000,27.690001,26.719999,27.660000,27.660000,1600000
2011-04-29,27.690001,27.870001,27.420000,27.600000,27.600000,726000
2011-05-02,27.600000,27.799999,27.059999,27.450001,27.450001,784600
2011-05-03,27.379999,27.389999,26.500000,26.870001,26.870001,913900
2011-05-04,26.780001,27.000000,25.750000,26.690001,26.690001,1044500
2011-05-05,27.200001,27.440001,26.170000,26.440001,26.440001,1218500
2011-05-06,26.900000,27.700001,26.620001,27.120001,27.120001,981700
2011-05-09,27.000000,28.000000,26.850000,27.910000,27.910000,916400
2011-05-10,28.240000,28.950001,27.910000,28.330000,28.330000,1535300
2011-05-11,28.200001,28.299999,26.920000,27.070000,27.070000,962500
2011-05-12,27.070000,27.740000,26.650000,27.670000,27.670000,628000
2011-05-13,28.000000,28.190001,27.299999,27.549999,27.549999,661500
2011-05-16,27.990000,27.990000,26.549999,26.600000,26.600000,755700
2011-05-17,27.000000,27.000000,25.719999,25.959999,25.959999,1234200
2011-05-18,26.100000,26.469999,25.520000,26.350000,26.350000,729500
2011-05-19,27.030001,28.440001,26.600000,28.200001,28.200001,2655100
2011-05-20,28.260000,28.280001,27.350000,27.969999,27.969999,842500
2011-05-23,27.620001,27.620001,26.620001,26.820000,26.820000,863600
2011-05-24,27.020000,27.500000,26.600000,26.719999,26.719999,613700
2011-05-25,26.900000,29.010000,26.170000,28.980000,28.980000,4693100
2011-05-26,28.820000,29.760000,28.100000,29.480000,29.480000,3336900
2011-05-27,29.540001,29.670000,28.820000,29.549999,29.549999,1687100
2011-05-31,29.690001,30.280001,29.549999,30.139999,30.139999,3290500
2011-06-01,30.000000,30.100000,28.379999,28.520000,28.520000,1529900
2011-06-02,28.520000,29.320000,28.510000,28.760000,28.760000,986300
2011-06-03,29.950001,31.500000,29.500000,30.129999,30.129999,6209200
2011-06-06,30.100000,30.129999,28.260000,28.700001,28.700001,2331100
2011-06-07,28.940001,29.389999,28.260000,28.370001,28.370001,1222100
2011-06-08,28.440001,28.600000,27.020000,27.120001,27.120001,1695900
2011-06-09,27.430000,28.100000,27.100000,27.620001,27.620001,1603200
2011-06-10,27.520000,28.299999,27.350000,27.860001,27.860001,1566600
2011-06-13,28.070000,28.879999,27.879999,28.430000,28.430000,1713400
2011-06-14,28.540001,29.700001,28.520000,28.600000,28.600000,1573400
2011-06-15,28.440001,28.450001,27.070000,27.320000,27.320000,1345000
2011-06-16,27.670000,28.000000,25.740000,26.500000,26.500000,1842200
2011-06-17,26.870001,27.700001,26.139999,26.500000,26.500000,1714000
2011-06-20,26.290001,26.459999,25.500000,26.010000,26.010000,1537800
2011-06-21,26.240000,27.730000,26.000000,27.530001,27.530001,1496000
2011-06-22,27.370001,28.250000,27.100000,27.209999,27.209999,1475600
2011-06-23,27.200001,27.719999,26.209999,27.709999,27.709999,1170000
2011-06-24,27.639999,27.969999,27.260000,27.570000,27.570000,3608500
2011-06-27,27.730000,28.280001,27.309999,27.459999,27.459999,1809400
2011-06-28,27.790001,28.250000,27.670000,28.110001,28.110001,889200
2011-06-29,28.500000,29.090000,28.070000,28.290001,28.290001,1461800
2011-06-30,28.500000,29.330000,28.400000,29.129999,29.129999,946700
2011-07-01,29.070000,29.600000,28.799999,29.020000,29.020000,854900
2011-07-05,29.020000,29.520000,28.709999,29.139999,29.139999,996000
2011-07-06,29.139999,29.139999,28.549999,28.959999,28.959999,926900
2011-07-07,29.139999,30.000000,29.010000,29.730000,29.730000,1327900
2011-07-08,29.889999,29.889999,28.590000,28.809999,28.809999,1240600
2011-07-11,28.400000,28.530001,28.000000,28.350000,28.350000,975800
2011-07-12,28.370001,29.090000,28.000000,28.170000,28.170000,1045400
2011-07-13,28.430000,29.030001,27.900000,28.639999,28.639999,1066000
2011-07-14,28.530001,28.959999,27.250000,27.610001,27.610001,1159000
2011-07-15,27.790001,27.830000,27.400000,27.580000,27.580000,709000
2011-07-18,27.340000,27.450001,26.629999,27.230000,27.230000,851900
2011-07-19,27.580000,28.110001,27.540001,27.889999,27.889999,1026100
2011-07-20,28.000000,30.440001,27.799999,28.690001,28.690001,3048300
2011-07-21,28.910000,29.160000,28.100000,28.700001,28.700001,1011500
2011-07-22,28.700001,29.540001,28.549999,29.290001,29.290001,583500
2011-07-25,29.010000,29.250000,28.440001,28.490000,28.490000,673300
2011-07-26,28.309999,28.770000,27.969999,28.000000,28.000000,760600
2011-07-27,28.500000,28.500000,27.510000,27.639999,27.639999,958500
2011-07-28,27.600000,28.549999,27.540001,28.170000,28.170000,938700
2011-07-29,27.799999,28.400000,27.500000,28.170000,28.170000,948200
2011-08-01,28.670000,28.980000,28.209999,28.770000,28.770000,1164900
2011-08-02,28.690001,29.200001,27.270000,27.340000,27.340000,1549400
2011-08-03,27.500000,27.830000,26.340000,27.200001,27.200001,1794500
2011-08-04,26.510000,26.889999,24.670000,24.750000,24.750000,3064500
2011-08-05,24.990000,25.379999,22.830000,24.240000,24.240000,1964400
2011-08-08,23.100000,24.440001,23.100000,23.639999,23.639999,2608500
2011-08-09,24.150000,25.450001,23.700001,25.059999,25.059999,1333400
2011-08-10,25.440001,25.440001,23.629999,23.820000,23.820000,1564200
2011-08-11,24.040001,25.750000,24.000000,25.299999,25.299999,836500
2011-08-12,25.600000,27.139999,25.360001,26.309999,26.309999,1009100
2011-08-15,26.620001,26.750000,25.930000,26.230000,26.230000,738600
2011-08-16,26.129999,26.540001,25.830000,26.100000,26.100000,537700
2011-08-17,26.389999,26.650000,25.510000,25.830000,25.830000,643700
2011-08-18,25.000000,25.150000,23.469999,24.260000,24.260000,1056600
2011-08-19,23.860001,24.219999,22.000000,22.299999,22.299999,1375300
2011-08-22,23.110001,23.799999,21.680000,21.950001,21.950001,986100
2011-08-23,21.930000,23.110001,21.500000,22.959999,22.959999,869000
2011-08-24,23.100000,23.930000,22.830000,23.870001,23.870001,684300
2011-08-25,23.870001,23.870001,22.900000,23.110001,23.110001,679800
2011-08-26,22.709999,23.950001,22.070000,23.730000,23.730000,761800
2011-08-29,24.219999,24.850000,24.020000,24.709999,24.709999,803400
2011-08-30,24.500000,24.770000,24.090000,24.629999,24.629999,366200
2011-08-31,24.799999,25.500000,24.280001,24.740000,24.740000,823800
2011-09-01,24.660000,24.870001,23.840000,24.000000,24.000000,848100
2011-09-02,23.660000,23.990000,22.680000,23.070000,23.070000,769900
2011-09-06,22.500000,23.200001,22.290001,22.940001,22.940001,809800
2011-09-07,23.389999,24.000000,23.280001,23.840000,23.840000,459200
2011-09-08,23.580000,24.030001,23.280001,23.610001,23.610001,505700
2011-09-09,23.370001,23.570000,22.549999,22.969999,22.969999,669300
2011-09-12,22.500000,23.309999,22.450001,22.879999,22.879999,566600
2011-09-13,23.010000,24.100000,22.750000,24.080000,24.080000,726500
2011-09-14,24.250000,24.840000,23.790001,24.340000,24.340000,830800
2011-09-15,24.580000,24.930000,24.330000,24.820000,24.820000,562600
2011-09-16,24.780001,25.840000,24.490000,25.799999,25.799999,1417100
2011-09-19,24.950001,25.809999,23.820000,25.770000,25.770000,1157400
2011-09-20,25.980000,26.600000,25.670000,26.010000,26.010000,1180400
2011-09-21,25.950001,26.950001,25.700001,25.850000,25.850000,987600
2011-09-22,25.639999,26.110001,24.879999,25.629999,25.629999,775800
2011-09-23,25.490000,26.620001,25.350000,26.379999,26.379999,1156400
2011-09-26,26.520000,26.520000,24.900000,25.520000,25.520000,934800
2011-09-27,26.000000,26.990000,25.570000,26.190001,26.190001,674500
2011-09-28,26.000000,26.500000,24.510000,24.590000,24.590000,723300
2011-09-29,25.719999,25.820000,23.549999,24.120001,24.120001,929600
2011-09-30,24.799999,24.889999,23.490000,24.389999,24.389999,1336100
2011-10-03,24.950001,25.000000,23.250000,23.730000,23.730000,1023200
2011-10-04,23.290001,24.320000,22.930000,23.660000,23.660000,1200300
2011-10-05,24.030001,25.840000,23.350000,25.370001,25.370001,1229500
2011-10-06,25.370001,27.600000,25.020000,26.959999,26.959999,1769100
2011-10-07,26.980000,27.600000,26.049999,26.990000,26.990000,1311600
2011-10-10,27.309999,28.180000,27.000000,27.879999,27.879999,923500
2011-10-11,27.510000,27.770000,27.090000,27.610001,27.610001,575700
2011-10-12,27.250000,28.000000,27.200001,27.799999,27.799999,1123400
2011-10-13,27.629999,28.469999,27.440001,27.940001,27.940001,1043500
2011-10-14,28.000000,28.549999,27.260000,28.049999,28.049999,1400500
2011-10-17,27.860001,28.000000,27.260000,27.420000,27.420000,754500
2011-10-18,27.299999,28.430000,26.709999,28.340000,28.340000,999700
2011-10-19,28.020000,28.059999,27.299999,27.570000,27.570000,792900
2011-10-20,27.440001,27.469999,27.000000,27.340000,27.340000,999700
2011-10-21,27.400000,28.299999,27.010000,28.030001,28.030001,1142600
2011-10-24,27.870001,28.889999,27.750000,28.549999,28.549999,940600
2011-10-25,28.230000,28.860001,27.799999,28.250000,28.250000,654400
2011-10-26,28.190001,28.370001,27.400000,27.980000,27.980000,510500
2011-10-27,28.340000,28.950001,28.110001,28.760000,28.760000,869400
2011-10-28,28.500000,30.000000,28.010000,29.870001,29.870001,1264000
2011-10-31,29.500000,29.510000,28.750000,29.370001,29.370001,1134000
2011-11-01,28.389999,28.920000,28.000000,28.879999,28.879999,635200
2011-11-02,29.000000,29.260000,28.250000,28.709999,28.709999,875300
2011-11-03,30.000000,32.490002,29.530001,32.459999,32.459999,2509700
2011-11-04,31.459999,32.400002,30.510000,32.310001,32.310001,3032900
2011-11-07,31.639999,32.000000,30.750000,31.270000,31.270000,1266300
2011-11-08,31.370001,32.000000,30.719999,31.840000,31.840000,1167900
2011-11-09,30.870001,31.490000,30.299999,30.879999,30.879999,953700
2011-11-10,30.940001,31.500000,30.650000,31.330000,31.330000,747300
2011-11-11,31.900000,34.500000,30.570000,33.639999,33.639999,3868300
2011-11-14,33.000000,33.540001,32.619999,33.220001,33.220001,1325700
2011-11-15,32.919998,34.400002,32.730000,33.930000,33.930000,891000
2011-11-16,33.480000,35.000000,33.400002,34.939999,34.939999,1833200
2011-11-17,34.500000,34.900002,33.189999,33.680000,33.680000,1349300
2011-11-18,33.639999,34.110001,32.540001,32.599998,32.599998,902800
2011-11-21,32.439999,32.439999,31.049999,31.760000,31.760000,1031600
2011-11-22,31.760000,32.790001,31.049999,32.070000,32.070000,732600
2011-11-23,31.760000,32.049999,31.250000,31.450001,31.450001,451800
2011-11-25,31.549999,32.410000,31.080000,31.660000,31.660000,239600
2011-11-28,32.000000,33.279999,31.809999,32.560001,32.560001,681200
2011-11-29,32.490002,33.070000,31.629999,31.750000,31.750000,591100
2011-11-30,32.500000,32.930000,32.220001,32.740002,32.740002,760300
2011-12-01,32.570000,33.990002,31.980000,32.599998,32.599998,1030200
2011-12-02,32.830002,33.689999,32.400002,33.299999,33.299999,802800
2011-12-05,33.529999,35.000000,33.430000,34.419998,34.419998,1160100
2011-12-06,34.200001,34.980000,34.029999,34.869999,34.869999,951800
2011-12-07,34.630001,34.889999,33.799999,34.189999,34.189999,674300
2011-12-08,30.840000,31.650000,29.610001,30.889999,30.889999,3305800
2011-12-09,30.540001,31.120001,30.280001,31.040001,31.040001,1239500
2011-12-12,30.440001,30.620001,30.020000,30.410000,30.410000,758700
2011-12-13,30.570000,30.930000,28.910000,29.450001,29.450001,994100
2011-12-14,29.500000,29.680000,28.000000,28.530001,28.530001,1163900
2011-12-15,28.670000,29.170000,28.120001,28.620001,28.620001,700300
2011-12-16,28.790001,28.930000,27.980000,28.000000,28.000000,1029700
2011-12-19,28.090000,28.500000,27.370001,27.750000,27.750000,987000
2011-12-20,28.049999,28.450001,27.719999,27.900000,27.900000,843300
2011-12-21,27.910000,28.070000,26.030001,27.570000,27.570000,1705500
2011-12-22,27.600000,28.049999,27.299999,27.770000,27.770000,1009400
2011-12-23,28.000000,28.000000,27.520000,27.900000,27.900000,591400
2011-12-27,27.660000,28.770000,27.639999,28.570000,28.570000,777500
2011-12-28,28.990000,29.240000,28.040001,28.510000,28.510000,575200
2011-12-29,28.590000,29.340000,28.549999,28.730000,28.730000,488200
2011-12-30,28.490000,28.980000,28.250000,28.559999,28.559999,339800
2012-01-03,28.940001,29.500000,27.650000,28.080000,28.080000,928100
2012-01-04,28.209999,28.670000,27.500000,27.709999,27.709999,630100
2012-01-05,27.760000,27.930000,26.850000,27.120001,27.120001,1005500
2012-01-06,27.200001,27.790001,26.410000,26.910000,26.910000,986300
2012-01-09,27.000000,27.490000,26.120001,27.250000,27.250000,897000
2012-01-10,27.440001,27.760000,27.250000,27.620001,27.620001,671800
2012-01-11,27.620001,28.379999,27.299999,28.230000,28.230000,672300
2012-01-12,28.480000,28.620001,27.809999,28.250000,28.250000,729300
2012-01-13,28.400000,28.500000,22.639999,22.790001,22.790001,5500400
2012-01-17,26.620001,27.340000,26.410000,26.600000,26.600000,4651600
2012-01-18,26.690001,26.879999,26.250000,26.809999,26.809999,1260200
2012-01-19,27.190001,27.740000,26.610001,26.760000,26.760000,1246300
2012-01-20,26.900000,27.000000,26.400000,26.600000,26.600000,662300
2012-01-23,26.809999,27.209999,26.600000,26.770000,26.770000,594600
2012-01-24,26.629999,27.680000,26.440001,27.420000,27.420000,858000
2012-01-25,27.270000,28.010000,27.049999,27.969999,27.969999,611200
2012-01-26,28.070000,29.580000,28.000000,28.940001,28.940001,1271100
2012-01-27,28.500000,29.719999,28.500000,29.330000,29.330000,748400
2012-01-30,29.490000,29.610001,28.530001,29.570000,29.570000,729000
2012-01-31,29.900000,30.000000,28.870001,29.070000,29.070000,956400
2012-02-01,29.070000,29.700001,29.000000,29.580000,29.580000,523200
2012-02-02,29.719999,30.879999,29.610001,30.250000,30.250000,805700
2012-02-03,30.410000,31.330000,30.250000,31.150000,31.150000,764500
2012-02-06,31.100000,31.900000,31.049999,31.799999,31.799999,652100
2012-02-07,31.799999,31.799999,30.820000,31.600000,31.600000,1021600
2012-02-08,31.600000,32.009998,31.290001,31.930000,31.930000,623700
2012-02-09,32.000000,32.900002,31.430000,32.580002,32.580002,1277100
2012-02-10,32.259998,32.270000,29.840000,31.100000,31.100000,1874200
2012-02-13,31.549999,32.060001,30.900000,31.490000,31.490000,1157900
2012-02-14,31.740000,33.790001,31.400000,33.169998,33.169998,1810800
2012-02-15,33.099998,34.410000,32.270000,33.599998,33.599998,2761800
2012-02-16,33.500000,34.509998,32.540001,34.180000,34.180000,2219700
2012-02-17,33.990002,34.970001,33.500000,34.970001,34.970001,1376700
2012-02-21,34.869999,34.869999,33.810001,34.500000,34.500000,1135800
2012-02-22,34.500000,34.720001,32.500000,34.220001,34.220001,1654600
2012-02-23,33.990002,34.970001,33.560001,34.529999,34.529999,820400
2012-02-24,34.230000,34.520000,33.270000,33.750000,33.750000,959900
2012-02-27,33.410000,34.000000,33.000000,33.619999,33.619999,606000
2012-02-28,33.639999,34.439999,33.169998,33.810001,33.810001,612200
2012-02-29,33.810001,34.119999,33.139999,33.410000,33.410000,535700
2012-03-01,33.509998,34.500000,33.310001,34.410000,34.410000,703500
2012-03-02,34.400002,34.500000,33.709999,34.040001,34.040001,550000
2012-03-05,34.349998,34.400002,33.459999,33.770000,33.770000,467000
2012-03-06,33.250000,33.279999,32.619999,33.110001,33.110001,573800
2012-03-07,33.119999,33.310001,32.910000,33.119999,33.119999,364900
2012-03-08,33.110001,33.490002,33.040001,33.070000,33.070000,633300
2012-03-09,33.200001,35.310001,33.200001,34.740002,34.740002,1553400
2012-03-12,34.689999,36.290001,34.599998,36.009998,36.009998,1963300
2012-03-13,36.509998,36.590000,35.500000,36.090000,36.090000,1001600
2012-03-14,36.000000,36.000000,34.799999,35.290001,35.290001,851500
2012-03-15,35.279999,35.480000,34.779999,35.000000,35.000000,571600
2012-03-16,34.900002,35.889999,34.830002,35.320000,35.320000,729300
2012-03-19,35.259998,35.320000,34.540001,34.980000,34.980000,1015600
2012-03-20,34.980000,35.200001,34.570000,34.959999,34.959999,567000
2012-03-21,34.939999,35.299999,34.599998,35.150002,35.150002,607200
2012-03-22,34.970001,35.150002,34.299999,34.400002,34.400002,522400
2012-03-23,34.259998,34.630001,33.150002,34.080002,34.080002,1170600
2012-03-26,35.590000,38.090000,35.040001,37.400002,37.400002,3140500
2012-03-27,37.160000,39.950001,37.029999,37.939999,37.939999,2539200
2012-03-28,37.779999,38.439999,37.110001,37.849998,37.849998,955000
2012-03-29,38.189999,38.189999,37.029999,37.330002,37.330002,796400
2012-03-30,37.520000,37.939999,36.680000,37.240002,37.240002,886400
2012-04-02,37.330002,37.970001,36.529999,36.580002,36.580002,1028600
2012-04-03,36.700001,38.470001,36.669998,38.009998,38.009998,1098100
2012-04-04,35.270000,35.490002,34.689999,35.000000,35.000000,4481800
2012-04-05,35.099998,35.439999,34.410000,34.480000,34.480000,1509400
2012-04-09,34.099998,34.290001,33.099998,33.150002,33.150002,1655700
2012-04-10,33.150002,33.849998,32.099998,32.459999,32.459999,1847700
2012-04-11,33.240002,33.290001,32.009998,33.090000,33.090000,1105500
2012-04-12,33.770000,34.480000,32.919998,33.439999,33.439999,1033900
2012-04-13,33.939999,34.040001,32.849998,33.590000,33.590000,649600
2012-04-16,33.410000,33.700001,32.090000,32.250000,32.250000,1099600
2012-04-17,32.430000,33.070000,32.040001,32.240002,32.240002,1115500
2012-04-18,32.090000,32.750000,31.530001,32.660000,32.660000,823100
2012-04-19,32.750000,33.430000,32.500000,33.160000,33.160000,774900
2012-04-20,33.139999,33.730000,32.939999,33.160000,33.160000,821800
2012-04-23,32.860001,32.970001,31.709999,31.940001,31.940001,890800
2012-04-24,31.820000,32.200001,31.000000,31.820000,31.820000,674500
2012-04-25,32.070000,32.990002,32.070000,32.910000,32.910000,712200
2012-04-26,32.959999,33.520000,32.910000,33.490002,33.490002,425300
2012-04-27,33.599998,33.630001,32.910000,33.340000,33.340000,591000
2012-04-30,33.270000,33.360001,32.580002,33.130001,33.130001,413900
2012-05-01,33.130001,34.209999,33.130001,33.779999,33.779999,659000
2012-05-02,33.500000,34.389999,33.389999,33.939999,33.939999,497300
2012-05-03,33.910000,34.000000,32.130001,32.459999,32.459999,841300
2012-05-04,32.320000,32.459999,31.400000,31.830000,31.830000,1247500
2012-05-07,31.959999,32.580002,31.610001,32.470001,32.470001,1158000
2012-05-08,32.500000,32.730000,29.370001,30.190001,30.190001,3097200
2012-05-09,30.299999,30.770000,29.760000,30.059999,30.059999,1947900
2012-05-10,32.970001,34.680000,32.400002,32.959999,32.959999,5556300
2012-05-11,32.490002,33.439999,32.160000,32.250000,32.250000,1221300
2012-05-14,31.920000,32.130001,30.049999,30.059999,30.059999,1380900
2012-05-15,30.260000,30.959999,29.219999,29.430000,29.430000,1585700
2012-05-16,29.580000,30.180000,28.879999,29.180000,29.180000,1257100
2012-05-17,29.299999,29.790001,28.240000,28.570000,28.570000,1149000
2012-05-18,28.370001,28.459999,26.830000,27.559999,27.559999,1616500
2012-05-21,27.580000,29.260000,27.120001,28.770000,28.770000,1475200
2012-05-22,30.100000,31.340000,30.000000,30.799999,30.799999,2366200
2012-05-23,30.559999,31.049999,29.500000,31.020000,31.020000,1220400
2012-05-24,31.250000,31.250000,29.690001,30.280001,30.280001,1075600
2012-05-25,30.160000,30.410000,29.200001,29.809999,29.809999,757000
2012-05-29,30.010000,31.930000,30.010000,31.690001,31.690001,1650000
2012-05-30,31.080000,31.420000,30.240000,30.410000,30.410000,1307200
2012-05-31,30.070000,30.290001,28.750000,29.500000,29.500000,1118700
2012-06-01,28.530001,29.160000,27.760000,28.150000,28.150000,885800
2012-06-04,28.030001,28.410000,27.110001,27.879999,27.879999,1030900
2012-06-05,27.840000,28.389999,27.559999,27.910000,27.910000,630900
2012-06-06,28.200001,29.450001,28.139999,29.219999,29.219999,909900
2012-06-07,29.809999,29.870001,28.850000,28.930000,28.930000,492100
2012-06-08,28.860001,30.190001,28.150000,30.080000,30.080000,881100
2012-06-11,30.309999,31.000000,28.959999,29.120001,29.120001,636000
2012-06-12,29.230000,29.840000,28.809999,29.660000,29.660000,569000
2012-06-13,29.549999,30.639999,29.469999,29.770000,29.770000,844100
2012-06-14,30.180000,30.650000,28.620001,29.389999,29.389999,872200
2012-06-15,29.389999,29.950001,28.809999,29.910000,29.910000,646800
2012-06-18,29.940001,32.330002,29.500000,31.840000,31.840000,1256800
2012-06-19,32.020000,32.660000,31.500000,32.090000,32.090000,911100
2012-06-20,33.500000,34.500000,33.209999,33.779999,33.779999,3422400
2012-06-21,34.259998,34.279999,31.840000,32.189999,32.189999,1891900
2012-06-22,32.599998,33.980000,32.459999,33.790001,33.790001,3046600
2012-06-25,33.939999,34.119999,32.750000,33.110001,33.110001,1498500
2012-06-26,32.049999,32.349998,31.389999,31.610001,31.610001,2613900
2012-06-27,31.900000,32.450001,31.570000,31.959999,31.959999,1047200
2012-06-28,31.900000,32.110001,30.620001,31.410000,31.410000,914100
2012-06-29,32.799999,32.799999,31.000000,31.290001,31.290001,1125800
2012-07-02,31.350000,31.799999,30.190001,30.400000,30.400000,1315600
2012-07-03,30.600000,31.000000,30.400000,30.660000,30.660000,947000
2012-07-05,30.809999,31.670000,30.799999,31.230000,31.230000,1253800
2012-07-06,30.990000,31.730000,30.799999,30.990000,30.990000,784500
2012-07-09,30.940001,31.830000,30.670000,31.490000,31.490000,910500
2012-07-10,31.540001,32.480000,30.889999,31.270000,31.270000,758400
2012-07-11,31.570000,31.680000,31.010000,31.510000,31.510000,638600
2012-07-12,31.290001,33.009998,30.799999,32.700001,32.700001,1125700
2012-07-13,32.970001,34.400002,32.830002,34.250000,34.250000,1304800
2012-07-16,34.320000,36.000000,33.900002,35.959999,35.959999,1744000
2012-07-17,35.000000,35.209999,32.380001,33.349998,33.349998,2569300
2012-07-18,31.420000,33.669998,31.059999,32.150002,32.150002,2881900
2012-07-19,32.720001,33.150002,32.040001,32.270000,32.270000,1435900
2012-07-20,32.070000,32.250000,31.250000,31.790001,31.790001,1568500
2012-07-23,31.049999,31.299999,30.620001,30.660000,30.660000,1386800
2012-07-24,30.660000,31.040001,29.620001,29.840000,29.840000,1500300
2012-07-25,29.920000,29.980000,28.750000,28.950001,28.950001,2842200
2012-07-26,29.900000,30.000000,27.639999,28.129999,28.129999,2262300
2012-07-27,28.709999,29.660000,28.100000,29.510000,29.510000,1673000
2012-07-30,29.510000,30.250000,27.209999,27.350000,27.350000,2065200
2012-07-31,27.540001,27.969999,27.350000,27.420000,27.420000,1575100
2012-08-01,27.990000,27.990000,26.030001,26.250000,26.250000,1592300
2012-08-02,26.840000,26.850000,25.520000,26.100000,26.100000,1305100
2012-08-03,26.900000,27.549999,26.740000,27.270000,27.270000,1209500
2012-08-06,27.549999,28.700001,27.549999,28.270000,28.270000,1528200
2012-08-07,28.770000,30.900000,28.500000,30.250000,30.250000,2387200
2012-08-08,29.900000,30.000000,28.590000,29.090000,29.090000,1308900
2012-08-09,29.520000,30.000000,29.129999,29.410000,29.410000,672600
2012-08-10,29.309999,29.940001,29.309999,29.940001,29.940001,707400
2012-08-13,29.690001,31.299999,29.100000,31.170000,31.170000,870100
2012-08-14,30.750000,31.170000,29.260000,29.420000,29.420000,793400
2012-08-15,29.389999,29.700001,28.809999,29.400000,29.400000,525400
2012-08-16,29.530001,30.389999,29.500000,30.299999,30.299999,669000
2012-08-17,30.290001,30.709999,29.980000,30.010000,30.010000,508200
2012-08-20,30.150000,30.389999,29.100000,29.510000,29.510000,1179100
2012-08-21,29.580000,30.000000,29.000000,29.110001,29.110001,761600
2012-08-22,29.010000,30.040001,29.010000,29.950001,29.950001,775500
2012-08-23,30.000000,30.850000,29.650000,30.730000,30.730000,1471000
2012-08-24,30.059999,30.240000,29.410000,29.500000,29.500000,1429400
2012-08-27,29.570000,29.700001,28.170000,28.320000,28.320000,1350400
2012-08-28,28.400000,29.379999,28.000000,28.690001,28.690001,1402700
2012-08-29,28.490000,28.639999,28.020000,28.410000,28.410000,838900
2012-08-30,28.600000,28.740000,28.100000,28.410000,28.410000,656400
2012-08-31,28.610001,28.840000,28.200001,28.520000,28.520000,539800
2012-09-04,28.520000,28.990000,27.900000,28.139999,28.139999,752500
2012-09-05,28.010000,28.500000,27.809999,27.940001,27.940001,639300
2012-09-06,28.000000,28.900000,27.900000,28.549999,28.549999,841700
2012-09-07,28.549999,29.570000,28.500000,29.350000,29.350000,953200
2012-09-10,29.200001,29.350000,27.299999,27.370001,27.370001,1483300
2012-09-11,27.760000,28.160000,27.400000,27.799999,27.799999,1014900
2012-09-12,27.900000,28.580000,27.799999,28.280001,28.280001,1145200
2012-09-13,28.570000,29.500000,28.480000,29.480000,29.480000,1484700
2012-09-14,30.000000,30.650000,29.650000,30.389999,30.389999,1536600
2012-09-17,32.349998,32.779999,31.510000,32.540001,32.540001,3212800
2012-09-18,31.879999,31.900000,30.680000,31.340000,31.340000,1788500
2012-09-19,31.000000,31.740000,30.940001,31.049999,31.049999,1048500
2012-09-20,30.930000,31.500000,30.680000,30.900000,30.900000,912400
2012-09-21,31.100000,31.490000,29.540001,30.020000,30.020000,1870000
2012-09-24,29.510000,31.030001,29.400000,30.660000,30.660000,1301900
2012-09-25,28.620001,29.480000,27.530001,27.660000,27.660000,5680400
2012-09-26,27.660000,28.400000,27.480000,27.540001,27.540001,1527200
2012-09-27,27.820000,28.540001,27.600000,28.490000,28.490000,1758600
2012-09-28,28.730000,29.889999,28.610001,29.280001,29.280001,4343400
2012-10-01,29.500000,29.889999,29.000000,29.160000,29.160000,884400
2012-10-02,29.280001,29.889999,29.000000,29.799999,29.799999,729000
2012-10-03,29.750000,29.950001,29.240000,29.299999,29.299999,1052800
2012-10-04,30.000000,30.100000,28.650000,29.400000,29.400000,1541300
2012-10-05,29.700001,29.809999,28.680000,28.889999,28.889999,938600
2012-10-08,28.860001,29.400000,28.610001,29.250000,29.250000,889700
2012-10-09,29.120001,29.120001,28.250000,28.370001,28.370001,1193000
2012-10-10,28.389999,28.719999,28.010000,28.400000,28.400000,503600
2012-10-11,28.940001,28.980000,28.250000,28.320000,28.320000,450600
2012-10-12,28.320000,28.730000,27.500000,27.639999,27.639999,987600
2012-10-15,28.020000,28.049999,26.860001,27.330000,27.330000,1468700
2012-10-16,27.670000,28.090000,27.340000,28.059999,28.059999,479300
2012-10-17,28.250000,28.840000,27.799999,28.820000,28.820000,668000
2012-10-18,28.990000,28.990000,27.780001,28.040001,28.040001,741000
2012-10-19,27.830000,28.200001,27.299999,27.740000,27.740000,1027400
2012-10-22,27.990000,28.000000,27.360001,27.850000,27.850000,470200
2012-10-23,27.379999,28.559999,27.370001,28.389999,28.389999,749000
2012-10-24,28.520000,28.520000,27.250000,27.420000,27.420000,1016400
2012-10-25,27.799999,27.799999,27.450001,27.520000,27.520000,577700
2012-10-26,27.530001,27.799999,27.020000,27.379999,27.379999,477400
2012-10-31,27.700001,28.350000,27.370001,28.129999,28.129999,775200
2012-11-01,28.250000,29.490000,28.200001,29.250000,29.250000,1024100
2012-11-02,29.270000,29.549999,28.549999,28.920000,28.920000,1030300
2012-11-05,29.799999,31.580000,29.330000,31.500000,31.500000,2048900
2012-11-06,30.610001,31.200001,29.950001,31.150000,31.150000,2324000
2012-11-07,31.000000,32.049999,30.809999,31.540001,31.540001,1714500
2012-11-08,31.010000,31.879999,30.940001,31.309999,31.309999,1274000
2012-11-09,30.600000,30.930000,29.850000,30.320000,30.320000,863000
2012-11-12,30.290001,31.420000,30.160000,31.070000,31.070000,555900
2012-11-13,31.290001,32.000000,30.719999,31.610001,31.610001,998300
2012-11-14,31.959999,32.119999,31.200001,31.379999,31.379999,871300
2012-11-15,31.299999,31.440001,30.500000,30.820000,30.820000,984000
2012-11-16,31.150000,32.000000,30.590000,31.840000,31.840000,908700
2012-11-19,32.070000,33.250000,31.840000,32.919998,32.919998,1392400
2012-11-20,32.799999,33.099998,31.910000,33.000000,33.000000,922500
2012-11-21,32.610001,33.470001,32.290001,32.470001,32.470001,963200
2012-11-23,32.599998,32.830002,31.700001,32.130001,32.130001,430300
2012-11-26,32.099998,32.299999,31.620001,32.270000,32.270000,495800
2012-11-27,32.130001,32.660000,31.520000,32.150002,32.150002,910800
2012-11-28,32.000000,34.290001,31.910000,33.230000,33.230000,1525200
2012-11-29,33.439999,34.000000,32.869999,33.689999,33.689999,1103400
2012-11-30,33.630001,34.279999,33.009998,33.820000,33.820000,1420300
2012-12-03,33.889999,35.000000,33.500000,34.619999,34.619999,2085700
2012-12-04,34.080002,34.799999,33.549999,33.900002,33.900002,1263300
2012-12-05,33.820000,34.189999,33.580002,33.709999,33.709999,661500
2012-12-06,33.820000,34.799999,33.500000,33.900002,33.900002,660400
2012-12-07,34.299999,34.490002,33.849998,34.169998,34.169998,664400
2012-12-10,34.430000,34.799999,34.180000,34.570000,34.570000,929800
2012-12-11,34.599998,35.500000,34.459999,35.279999,35.279999,1572600
2012-12-12,35.209999,35.799999,34.950001,35.259998,35.259998,2063800
2012-12-13,35.259998,35.299999,32.750000,33.610001,33.610001,2151300
2012-12-14,33.779999,34.400002,33.590000,33.810001,33.810001,1023000
2012-12-17,33.770000,34.500000,33.750000,34.400002,34.400002,824900
2012-12-18,34.259998,35.070000,34.259998,34.590000,34.590000,1553900
2012-12-19,34.750000,35.259998,34.520000,34.610001,34.610001,1298800
2012-12-20,34.509998,34.790001,34.049999,34.430000,34.430000,921200
2012-12-21,33.939999,34.169998,33.580002,34.000000,34.000000,1492400
2012-12-24,33.639999,34.349998,33.549999,34.279999,34.279999,375800
2012-12-26,33.959999,34.500000,33.500000,33.590000,33.590000,601400
2012-12-27,33.500000,33.910000,33.000000,33.689999,33.689999,561100
2012-12-28,33.380001,33.650002,33.020000,33.220001,33.220001,414100
2012-12-31,33.000000,33.970001,33.000000,33.869999,33.869999,594900
2013-01-02,35.000000,35.450001,34.709999,35.360001,35.360001,1194800
2013-01-03,35.180000,35.450001,34.750000,34.770000,34.770000,742000
2013-01-04,34.799999,34.799999,33.919998,34.400002,34.400002,674000
2013-01-07,34.799999,34.799999,33.900002,34.340000,34.340000,442000
2013-01-08,34.500000,34.500000,33.110001,33.680000,33.680000,1284000
2013-01-09,34.009998,34.189999,33.400002,33.639999,33.639999,698000
2013-01-10,33.869999,33.990002,33.380001,33.529999,33.529999,922500
2013-01-11,34.040001,34.040001,32.110001,32.910000,32.910000,1563200
2013-01-14,33.080002,33.380001,32.849998,33.259998,33.259998,925100
2013-01-15,33.110001,34.250000,33.080002,33.900002,33.900002,1624200
2013-01-16,33.849998,34.230000,33.730000,34.099998,34.099998,1378200
2013-01-17,34.160000,34.849998,33.919998,34.380001,34.380001,1436700
2013-01-18,34.740002,34.779999,33.820000,34.520000,34.520000,3555100
2013-01-22,34.560001,35.549999,34.259998,35.189999,35.189999,1920200
2013-01-23,35.020000,36.240002,34.959999,36.000000,36.000000,1564300
2013-01-24,36.000000,37.720001,35.840000,36.990002,36.990002,1970400
2013-01-25,37.000000,37.540001,36.799999,36.980000,36.980000,1287800
2013-01-28,36.860001,38.709999,36.860001,38.029999,38.029999,1986000
2013-01-29,38.099998,38.439999,37.130001,37.950001,37.950001,1426600
2013-01-30,37.849998,38.000000,37.430000,37.520000,37.520000,968100
2013-01-31,37.869999,37.869999,36.930000,37.509998,37.509998,901400
2013-02-01,38.169998,38.500000,37.619999,38.299999,38.299999,1100600
2013-02-04,38.400002,38.419998,37.590000,37.740002,37.740002,1128000
2013-02-05,38.000000,38.650002,37.680000,38.130001,38.130001,1310200
2013-02-06,38.180000,39.389999,37.900002,39.169998,39.169998,1893200
2013-02-07,39.189999,39.680000,38.950001,39.480000,39.480000,1196600
2013-02-08,39.450001,40.000000,39.139999,39.240002,39.240002,1139800
2013-02-11,37.980000,39.150002,37.500000,38.419998,38.419998,3266300
2013-02-12,38.450001,38.869999,37.290001,37.889999,37.889999,2261300
2013-02-13,38.299999,39.000000,38.049999,38.450001,38.450001,966800
2013-02-14,38.639999,38.750000,38.209999,38.270000,38.270000,990700
2013-02-15,38.500000,38.509998,36.950001,37.040001,37.040001,2017600
2013-02-19,37.360001,39.290001,37.310001,39.279999,39.279999,2701400
2013-02-20,39.299999,39.650002,38.459999,38.540001,38.540001,3122000
2013-02-21,36.490002,37.389999,34.540001,35.160000,35.160000,9037800
2013-02-22,35.720001,36.389999,35.599998,36.110001,36.110001,2547300
2013-02-25,36.150002,36.750000,34.340000,34.380001,34.380001,2889400
2013-02-26,34.459999,34.959999,33.799999,34.430000,34.430000,2762900
2013-02-27,34.410000,35.410000,34.400002,35.099998,35.099998,1959200
2013-02-28,35.889999,36.099998,34.369999,34.830002,34.830002,1964900
2013-03-01,35.000000,35.080002,34.250000,34.650002,34.650002,1546600
2013-03-04,34.770000,35.830002,34.700001,35.580002,35.580002,1757700
2013-03-05,36.000000,36.919998,35.790001,36.650002,36.650002,2087000
2013-03-06,37.009998,37.880001,36.970001,37.689999,37.689999,1150000
2013-03-07,37.730000,38.650002,36.880001,38.230000,38.230000,1158300
2013-03-08,38.060001,39.439999,37.360001,38.470001,38.470001,912100
2013-03-11,38.869999,39.439999,38.650002,39.099998,39.099998,1579500
2013-03-12,38.900002,39.380001,38.849998,39.119999,39.119999,1275100
2013-03-13,39.000000,39.490002,38.810001,38.980000,38.980000,822000
2013-03-14,38.900002,38.910000,36.770000,36.849998,36.849998,2021000
2013-03-15,36.639999,36.650002,35.209999,35.290001,35.290001,3279600
2013-03-18,35.299999,36.060001,34.919998,35.150002,35.150002,1316100
2013-03-19,35.250000,35.599998,34.939999,35.080002,35.080002,1098500
2013-03-20,35.259998,36.070000,35.160000,35.950001,35.950001,1423000
2013-03-21,35.950001,37.060001,35.740002,36.009998,36.009998,1146300
2013-03-22,36.200001,36.799999,36.200001,36.619999,36.619999,440200
2013-03-25,37.099998,38.520000,36.770000,37.529999,37.529999,2378800
2013-03-26,37.980000,38.220001,37.660000,37.860001,37.860001,1808200
2013-03-27,37.939999,38.380001,37.310001,38.160000,38.160000,1296300
2013-03-28,38.230000,38.240002,37.750000,37.889999,37.889999,1158700
2013-04-01,42.360001,46.680000,41.700001,43.930000,43.930000,14098500
2013-04-02,43.599998,45.500000,43.509998,44.340000,44.340000,6652400
2013-04-03,43.099998,43.470001,40.209999,41.099998,41.099998,5643600
2013-04-04,41.110001,42.250000,40.810001,42.009998,42.009998,2264800
2013-04-05,42.000000,42.000000,40.500000,41.369999,41.369999,1552400
2013-04-08,41.970001,42.549999,41.509998,41.830002,41.830002,1679000
2013-04-09,41.799999,41.830002,40.330002,40.500000,40.500000,1696100
2013-04-10,40.700001,42.009998,40.610001,41.860001,41.860001,2121100
2013-04-11,42.060001,44.549999,41.750000,43.590000,43.590000,3447400
2013-04-12,43.250000,45.139999,43.049999,43.750000,43.750000,3149400
2013-04-15,43.500000,43.799999,42.509998,43.299999,43.299999,1681400
2013-04-16,44.189999,46.139999,43.910000,45.590000,45.590000,3180400
2013-04-17,45.500000,45.950001,44.540001,45.450001,45.450001,2118500
2013-04-18,45.980000,47.599998,45.389999,46.970001,46.970001,3367900
2013-04-19,47.459999,49.880001,47.070000,47.830002,47.830002,3011700
2013-04-22,48.599998,50.200001,47.750000,50.189999,50.189999,3939400
2013-04-23,51.000000,52.919998,50.660000,51.009998,51.009998,3733800
2013-04-24,50.900002,51.049999,48.980000,50.430000,50.430000,2630000
2013-04-25,50.500000,52.400002,50.500000,52.000000,52.000000,2795900
2013-04-26,53.130001,53.740002,50.619999,51.200001,51.200001,3622100
2013-04-29,51.759998,54.990002,51.200001,54.939999,54.939999,3639700
2013-04-30,56.000000,58.180000,53.759998,53.990002,53.990002,5522600
2013-05-01,55.990002,55.990002,53.000000,53.279999,53.279999,2742800
2013-05-02,53.849998,55.270000,53.700001,54.110001,54.110001,3050400
2013-05-03,56.470001,56.470001,54.500000,54.549999,54.549999,3378700
2013-05-06,56.389999,59.660000,55.500000,59.500000,59.500000,4366700
2013-05-07,62.000000,62.369999,55.119999,55.509998,55.509998,9991000
2013-05-08,57.500000,58.200001,55.709999,55.790001,55.790001,6769900
2013-05-09,70.120003,75.769997,63.689999,69.400002,69.400002,28605000
2013-05-10,69.650002,81.000000,69.250000,76.760002,76.760002,25082600
2013-05-13,80.989998,88.000000,79.150002,87.800003,87.800003,22416900
2013-05-14,94.220001,97.120003,81.150002,83.239998,83.239998,37163900
2013-05-15,81.800003,86.879997,78.110001,84.839996,84.839996,16878700
2013-05-16,94.699997,95.000000,88.660004,92.250000,92.250000,21614000
2013-05-17,92.500000,94.440002,87.500000,91.500000,91.500000,19002200
2013-05-20,91.120003,92.500000,88.629997,89.940002,89.940002,8348400
2013-05-21,88.500000,89.989998,85.279999,87.589996,87.589996,8998200
2013-05-22,86.370003,90.959999,85.500000,87.239998,87.239998,8568000
2013-05-23,84.809998,93.010002,83.050003,92.730003,92.730003,12022200
2013-05-24,92.599998,97.949997,92.000000,97.080002,97.080002,16124200
2013-05-28,101.550003,110.750000,100.300003,110.330002,110.330002,19691900
2013-05-29,113.550003,114.900002,99.000000,104.629997,104.629997,25099500
2013-05-30,102.459999,109.540001,101.199997,104.949997,104.949997,16133700
2013-05-31,106.260002,106.440002,97.730003,97.760002,97.760002,15172000
2013-06-03,97.620003,97.620003,88.250000,92.589996,92.589996,19139600
2013-06-04,92.750000,96.419998,92.400002,94.839996,94.839996,8856100
2013-06-05,93.660004,97.970001,89.110001,95.370003,95.370003,12224800
2013-06-06,95.250000,99.269997,95.110001,97.349998,97.349998,9510900
2013-06-07,98.000000,102.900002,96.699997,102.040001,102.040001,10711600
2013-06-10,98.930000,102.519997,98.570000,100.050003,100.050003,9228600
2013-06-11,98.180000,98.680000,94.050003,94.470001,94.470001,7394000
2013-06-12,96.800003,100.480003,95.750000,97.730003,97.730003,9192700
2013-06-13,99.000000,99.279999,95.120003,98.180000,98.180000,5961600
2013-06-14,100.000000,102.519997,99.330002,100.300003,100.300003,6564700
2013-06-17,103.599998,104.750000,101.199997,102.199997,102.199997,7066200
2013-06-18,101.750000,103.980003,99.199997,103.389999,103.389999,8795300
2013-06-19,102.059998,106.669998,102.010002,104.680000,104.680000,8578900
2013-06-20,104.650002,107.129997,99.449997,100.650002,100.650002,10106500
2013-06-21,103.699997,103.699997,97.500000,99.550003,99.550003,11718600
2013-06-24,96.500000,102.870003,95.300003,101.489998,101.489998,7119800
2013-06-25,103.099998,104.199997,100.550003,102.400002,102.400002,5848700
2013-06-26,103.800003,105.870003,102.660004,105.720001,105.720001,6602600
2013-06-27,106.750000,110.250000,106.129997,109.250000,109.250000,8744900
2013-06-28,108.570000,109.440002,106.709999,107.360001,107.360001,5748600
2013-07-01,109.360001,117.769997,109.150002,117.180000,117.180000,10903600
2013-07-02,118.250000,121.889999,115.500000,117.820000,117.820000,12064100
2013-07-03,118.000000,119.250000,114.269997,115.239998,115.239998,4806700
2013-07-05,118.320000,120.279999,115.699997,120.089996,120.089996,6818700
2013-07-08,121.370003,122.180000,118.820000,121.610001,121.610001,7814200
2013-07-09,124.639999,125.320000,121.910004,123.449997,123.449997,8603300
2013-07-10,123.190002,123.250000,120.790001,122.269997,122.269997,5600100
2013-07-11,124.879997,126.089996,122.349998,125.610001,125.610001,7483600
2013-07-12,125.500000,129.940002,124.510002,129.899994,129.899994,11344000
2013-07-15,133.029999,133.259995,126.820000,127.260002,127.260002,9922400
2013-07-16,126.279999,126.320000,107.300003,109.050003,109.050003,32371900
2013-07-17,106.519997,121.620003,104.500000,120.250000,120.250000,26029000
2013-07-18,120.970001,122.730003,116.180000,119.029999,119.029999,11398100
2013-07-19,118.500000,120.550003,116.510002,119.680000,119.680000,5890300
2013-07-22,119.889999,126.680000,119.879997,122.430000,122.430000,9797800
2013-07-23,124.000000,125.559998,121.820000,122.739998,122.739998,7736400
2013-07-24,124.470001,124.500000,119.559998,121.699997,121.699997,6869000
2013-07-25,120.400002,124.750000,120.190002,124.070000,124.070000,5284300
2013-07-26,128.139999,130.679993,126.610001,129.389999,129.389999,9633100
2013-07-29,129.320007,135.369995,128.250000,134.619995,134.619995,9678900
2013-07-30,134.800003,137.490005,128.179993,131.740005,131.740005,13127000
2013-07-31,132.570007,134.970001,131.449997,134.279999,134.279999,6351700
2013-08-01,135.000000,136.520004,132.630005,135.550003,135.550003,5323600
2013-08-02,134.589996,138.250000,133.610001,138.000000,138.000000,6269900
2013-08-05,140.009995,144.889999,139.649994,144.679993,144.679993,10200700
2013-08-06,144.750000,145.729996,141.100006,142.149994,142.149994,9254500
2013-08-07,141.889999,141.949997,132.360001,134.229996,134.229996,18212200
2013-08-08,154.350006,158.880005,150.460007,153.479996,153.479996,27246800
2013-08-09,152.399994,155.949997,151.250000,153.000000,153.000000,8927700
2013-08-12,149.429993,150.500000,142.050003,147.380005,147.380005,14912200
2013-08-13,149.500000,149.839996,144.449997,145.429993,145.429993,8748900
2013-08-14,142.720001,144.839996,138.050003,139.360001,139.360001,11693800
2013-08-15,136.429993,143.600006,135.000000,139.669998,139.669998,10179200
2013-08-16,141.630005,143.910004,140.970001,142.000000,142.000000,7108100
2013-08-19,143.429993,147.380005,142.830002,144.899994,144.899994,8037700
2013-08-20,148.649994,149.779999,147.000000,149.580002,149.580002,6418200
2013-08-21,150.000000,150.309998,146.250000,147.860001,147.860001,6266300
2013-08-22,149.220001,157.479996,148.139999,157.100006,157.100006,10592400
2013-08-23,157.000000,162.300003,155.000000,161.839996,161.839996,12931900
2013-08-26,165.149994,173.000000,160.250000,164.220001,164.220001,24171100
2013-08-27,162.300003,168.800003,160.949997,167.009995,167.009995,17566900
2013-08-28,169.059998,171.500000,163.250000,166.449997,166.449997,14740100
2013-08-29,164.220001,167.750000,162.509995,166.059998,166.059998,9436000
2013-08-30,166.369995,169.210007,163.960007,169.000000,169.000000,11028400
2013-09-03,173.399994,173.699997,166.399994,168.940002,168.940002,12061100
2013-09-04,169.770004,171.619995,165.559998,170.619995,170.619995,11475700
2013-09-05,170.100006,171.500000,168.250000,169.929993,169.929993,6685300
2013-09-06,168.570007,169.699997,165.149994,166.970001,166.970001,8619700
2013-09-09,163.119995,164.500000,158.509995,160.699997,160.699997,14344500
2013-09-10,161.449997,167.500000,160.630005,166.369995,166.369995,8967800
2013-09-11,166.410004,167.899994,162.130005,163.520004,163.520004,5832500
2013-09-12,164.000000,166.759995,160.509995,164.929993,164.929993,6160000
2013-09-13,162.770004,166.369995,162.160004,165.539993,165.539993,5401200
2013-09-16,168.000000,170.850006,165.850006,166.580002,166.580002,7574900
2013-09-17,165.080002,168.419998,163.360001,166.229996,166.229996,5496900
2013-09-18,167.070007,167.449997,164.199997,166.220001,166.220001,5439700
2013-09-19,170.800003,180.470001,169.080002,177.919998,177.919998,15594600
2013-09-20,178.899994,185.830002,178.559998,183.389999,183.389999,13401700
2013-09-23,184.479996,185.479996,177.110001,181.110001,181.110001,8173400
2013-09-24,179.139999,184.960007,177.649994,182.330002,182.330002,6273400
2013-09-25,183.559998,186.300003,180.500000,185.240005,185.240005,8252700
2013-09-26,186.699997,189.679993,185.610001,188.639999,188.639999,6614400
2013-09-27,187.520004,191.279999,186.429993,190.899994,190.899994,5916400
2013-09-30,189.000000,194.500000,188.000000,193.369995,193.369995,8924700
2013-10-01,193.960007,194.229996,188.369995,193.000000,193.000000,7755900
2013-10-02,188.589996,191.830002,175.399994,180.949997,180.949997,20775400
2013-10-03,175.050003,179.690002,168.000000,173.309998,173.309998,23816500
2013-10-04,176.399994,181.179993,172.649994,180.979996,180.979996,14414000
2013-10-07,182.460007,186.729996,180.259995,183.070007,183.070007,11485600
2013-10-08,184.399994,185.929993,173.210007,174.729996,174.729996,13757200
2013-10-09,174.729996,174.990005,161.500000,168.779999,168.779999,15316500
2013-10-10,173.089996,175.750000,169.690002,172.929993,172.929993,8883900
2013-10-11,172.750000,179.289993,171.199997,178.699997,178.699997,8311100
2013-10-14,175.000000,182.500000,174.149994,179.720001,179.720001,7769600
2013-10-15,185.279999,188.789993,183.179993,183.940002,183.940002,10978500
2013-10-16,184.899994,187.300003,182.089996,183.559998,183.559998,8205400
2013-10-17,183.539993,184.800003,180.990005,182.800003,182.800003,6705000
2013-10-18,184.149994,185.960007,182.520004,183.399994,183.399994,5930800
2013-10-21,183.279999,183.389999,171.000000,172.600006,172.600006,11532100
2013-10-22,170.500000,177.779999,166.110001,171.539993,171.539993,11386700
2013-10-23,168.910004,171.809998,160.149994,164.500000,164.500000,13320400
2013-10-24,165.000000,174.500000,162.830002,173.149994,173.149994,10825700
2013-10-25,174.210007,174.500000,166.800003,169.660004,169.660004,7595500
2013-10-28,170.179993,170.500000,162.199997,162.860001,162.860001,7841700
2013-10-29,162.759995,165.449997,153.000000,164.470001,164.470001,14111700
2013-10-30,164.630005,167.679993,158.169998,159.220001,159.220001,8401800
2013-10-31,155.669998,162.440002,153.300003,159.940002,159.940002,9333800
2013-11-01,163.000000,165.899994,160.410004,162.169998,162.169998,7180600
2013-11-04,165.000000,175.389999,164.220001,175.199997,175.199997,13120400
2013-11-05,180.000000,181.429993,171.360001,176.809998,176.809998,22467100
2013-11-06,154.809998,160.729996,146.350006,151.160004,151.160004,31071700
2013-11-07,144.190002,145.649994,137.619995,139.770004,139.770004,22284700
2013-11-08,136.479996,140.600006,132.320007,137.949997,137.949997,22477900
2013-11-11,141.000000,145.419998,137.100006,144.699997,144.699997,13997600
2013-11-12,144.690002,144.699997,136.179993,137.800003,137.800003,14985200
2013-11-13,140.839996,142.369995,136.339996,138.699997,138.699997,12658300
2013-11-14,138.919998,140.399994,134.110001,137.600006,137.600006,12203700
2013-11-15,136.850006,137.949997,134.350006,135.449997,135.449997,9900200
2013-11-18,135.270004,135.449997,119.610001,121.580002,121.580002,23138200
2013-11-19,119.430000,129.000000,119.220001,126.089996,126.089996,19816200
2013-11-20,126.080002,127.449997,119.059998,121.110001,121.110001,13849600
2013-11-21,122.889999,124.790001,120.250000,122.099998,122.099998,11903800
2013-11-22,121.580002,122.750000,117.930000,121.379997,121.379997,11096700
2013-11-25,124.500000,125.839996,120.300003,120.839996,120.839996,10267300
2013-11-26,119.379997,122.720001,116.099998,120.500000,120.500000,13885500
2013-11-27,121.309998,126.949997,119.519997,126.940002,126.940002,12367600
2013-11-29,129.770004,130.589996,126.980003,127.279999,127.279999,9716200
2013-12-02,126.349998,128.550003,123.930000,124.169998,124.169998,7751200
2013-12-03,132.679993,144.940002,131.589996,144.699997,144.699997,25682400
2013-12-04,144.320007,144.429993,137.130005,138.949997,138.949997,13147700
2013-12-05,140.149994,143.350006,139.500000,140.479996,140.479996,9288400
2013-12-06,141.509995,142.490005,136.300003,137.360001,137.360001,7909600
2013-12-09,137.000000,141.699997,134.210007,141.600006,141.600006,9061500
2013-12-10,140.050003,145.869995,139.860001,142.190002,142.190002,10748200
2013-12-11,141.880005,143.050003,139.490005,139.649994,139.649994,7137800
2013-12-12,139.699997,148.240005,138.529999,147.470001,147.470001,10767800
2013-12-13,148.050003,151.800003,147.320007,147.649994,147.649994,10591900
2013-12-16,148.479996,150.429993,146.100006,147.940002,147.940002,6675300
2013-12-17,147.580002,154.630005,146.320007,152.460007,152.460007,10495000
2013-12-18,152.240005,154.899994,145.949997,147.979996,147.979996,11581900
2013-12-19,146.899994,147.000000,139.100006,140.720001,140.720001,12740000
2013-12-20,141.580002,144.350006,141.580002,143.240005,143.240005,7412600
2013-12-23,144.850006,146.240005,142.600006,143.550003,143.550003,5385500
2013-12-24,150.000000,154.970001,149.820007,151.410004,151.410004,9941500
2013-12-26,155.039993,158.000000,154.289993,155.500000,155.500000,7129500
2013-12-27,155.300003,155.500000,150.800003,151.119995,151.119995,5460200
2013-12-30,151.119995,154.809998,150.750000,152.440002,152.440002,4467500
2013-12-31,152.320007,153.199997,148.660004,150.429993,150.429993,4262400
2014-01-02,149.800003,152.479996,146.550003,150.100006,150.100006,6188400
2014-01-03,150.000000,152.190002,148.600006,149.559998,149.559998,4695000
2014-01-06,150.000000,150.399994,145.240005,147.000000,147.000000,5361100
2014-01-07,147.619995,150.399994,145.250000,149.360001,149.360001,5034100
2014-01-08,148.850006,153.699997,148.759995,151.279999,151.279999,6163200
2014-01-09,152.500000,153.429993,146.850006,147.529999,147.529999,5382000
2014-01-10,148.460007,148.899994,142.250000,145.720001,145.720001,7446100
2014-01-13,145.779999,147.000000,137.820007,139.339996,139.339996,6316100
2014-01-14,140.500000,162.000000,136.669998,161.270004,161.270004,27607000
2014-01-15,168.449997,172.229996,162.100006,164.130005,164.130005,20465600
2014-01-16,162.500000,172.699997,162.399994,170.970001,170.970001,11959400
2014-01-17,170.190002,173.199997,167.949997,170.009995,170.009995,9206200
2014-01-21,171.240005,177.289993,170.809998,176.679993,176.679993,9734700
2014-01-22,177.809998,180.320007,174.759995,178.559998,178.559998,7022600
2014-01-23,177.229996,182.380005,173.419998,181.500000,181.500000,7867400
2014-01-24,177.850006,180.479996,173.529999,174.600006,174.600006,7664300
2014-01-27,175.160004,177.919998,164.710007,169.619995,169.619995,8716400
2014-01-28,171.500000,178.979996,171.000000,178.380005,178.380005,6093400
2014-01-29,175.300003,179.089996,173.130005,175.229996,175.229996,5935500
2014-01-30,178.000000,184.779999,177.009995,182.839996,182.839996,8565000
2014-01-31,178.850006,186.000000,178.509995,181.410004,181.410004,6508800
2014-02-03,182.889999,184.880005,175.160004,177.110001,177.110001,6764900
2014-02-04,180.699997,181.600006,176.199997,178.729996,178.729996,4686300
2014-02-05,178.300003,180.589996,169.360001,174.419998,174.419998,7268000
2014-02-06,176.300003,180.110001,176.000000,178.380005,178.380005,5841600
2014-02-07,181.009995,186.630005,179.600006,186.529999,186.529999,8928500
2014-02-10,189.339996,199.300003,189.320007,196.559998,196.559998,12970700
2014-02-11,198.970001,202.199997,192.699997,196.619995,196.619995,10709900
2014-02-12,195.779999,198.270004,194.320007,195.320007,195.320007,5173700
2014-02-13,193.339996,202.720001,193.250000,199.630005,199.630005,8029300
2014-02-14,198.100006,201.880005,197.000000,198.229996,198.229996,6158000
2014-02-18,205.240005,206.000000,201.360001,203.699997,203.699997,9332800
2014-02-19,203.699997,203.699997,193.410004,193.639999,193.639999,16169000
2014-02-20,215.009995,215.210007,206.270004,209.970001,209.970001,18002300
2014-02-21,211.639999,213.979996,209.190002,209.600006,209.600006,7818800
2014-02-24,208.759995,218.360001,208.320007,217.649994,217.649994,8278400
2014-02-25,230.000000,259.200012,228.449997,248.000000,248.000000,32681700
2014-02-26,258.579987,265.000000,247.500000,253.000000,253.000000,24604600
2014-02-27,261.250000,261.899994,248.330002,252.539993,252.539993,17945800
2014-02-28,249.649994,252.679993,242.550003,244.809998,244.809998,14589800
2014-03-03,237.259995,251.649994,234.990005,250.559998,250.559998,13089300
2014-03-04,258.480011,260.000000,252.830002,254.839996,254.839996,8745600
2014-03-05,256.720001,256.989990,251.800003,252.660004,252.660004,5935700
2014-03-06,254.139999,257.500000,249.449997,252.940002,252.940002,7361100
2014-03-07,252.940002,254.850006,244.410004,246.210007,246.210007,7812300
2014-03-10,242.699997,243.000000,236.059998,238.839996,238.839996,7728100
2014-03-11,236.500000,244.600006,232.429993,234.410004,234.410004,8810100
2014-03-12,231.500000,247.500000,231.110001,241.490005,241.490005,9754400
2014-03-13,243.789993,244.190002,234.000000,237.789993,237.789993,6236300
2014-03-14,235.289993,236.940002,228.320007,230.970001,230.970001,8289700
2014-03-17,234.949997,237.929993,230.500000,233.979996,233.979996,5912600
2014-03-18,236.949997,241.500000,235.020004,240.039993,240.039993,6242300
2014-03-19,241.389999,241.550003,233.509995,235.839996,235.839996,5071300
2014-03-20,236.160004,239.250000,233.360001,234.910004,234.910004,3817900
2014-03-21,236.020004,236.199997,227.500000,228.889999,228.889999,8216900
2014-03-24,229.750000,229.899994,210.270004,220.169998,220.169998,11328800
2014-03-25,224.139999,227.050003,217.899994,220.440002,220.440002,7865400
2014-03-26,221.949997,222.600006,211.350006,212.960007,212.960007,6907300
2014-03-27,212.369995,213.600006,203.000000,207.320007,207.320007,9495700
2014-03-28,212.800003,216.720001,210.270004,212.369995,212.369995,9684800
2014-03-31,216.500000,216.750000,206.389999,208.449997,208.449997,8380000
2014-04-01,209.020004,218.160004,208.580002,216.970001,216.970001,7371400
2014-04-02,220.000000,230.889999,218.050003,230.289993,230.289993,10782300
2014-04-03,230.300003,235.729996,222.000000,225.399994,225.399994,10923700
2014-04-04,226.009995,228.270004,211.250000,212.229996,212.229996,11345600
2014-04-07,205.809998,216.199997,203.509995,207.520004,207.520004,9855500
2014-04-08,210.050003,216.490005,206.419998,215.460007,215.460007,6889300
2014-04-09,216.759995,218.449997,210.889999,216.929993,216.929993,5157900
2014-04-10,216.820007,217.500000,203.789993,204.190002,204.190002,7211500
2014-04-11,200.610001,207.000000,198.600006,203.779999,203.779999,9067200
2014-04-14,207.600006,208.440002,194.410004,198.089996,198.089996,7703000
2014-04-15,199.089996,199.289993,184.320007,193.910004,193.910004,13659300
2014-04-16,197.000000,199.990005,190.820007,199.110001,199.110001,7202200
2014-04-17,199.610001,202.289993,194.080002,198.119995,198.119995,5926800
2014-04-21,197.080002,206.199997,194.000000,204.380005,204.380005,5258200
2014-04-22,206.360001,219.330002,205.009995,218.639999,218.639999,9804700
2014-04-23,216.330002,216.740005,207.000000,207.990005,207.990005,7295600
2014-04-24,210.809998,212.800003,203.199997,207.860001,207.860001,5495200
2014-04-25,202.000000,206.699997,197.649994,199.850006,199.850006,6996700
2014-04-28,200.000000,203.789993,190.500000,198.509995,198.509995,7042000
2014-04-29,198.210007,207.149994,195.529999,206.919998,206.919998,5779100
2014-04-30,203.600006,208.160004,201.279999,207.889999,207.889999,4440600
2014-05-01,207.080002,214.020004,205.690002,207.729996,207.729996,5439900
2014-05-02,208.600006,211.360001,206.520004,210.910004,210.910004,4086800
2014-05-05,209.479996,217.690002,208.520004,216.610001,216.610001,5147000
2014-05-06,216.600006,218.660004,206.850006,207.279999,207.279999,5636700
2014-05-07,209.639999,210.199997,197.250000,201.350006,201.350006,10179300
2014-05-08,182.000000,194.399994,178.000000,178.589996,178.589996,20056600
2014-05-09,179.860001,183.399994,177.220001,182.259995,182.259995,8495200
2014-05-12,183.869995,187.190002,179.880005,184.669998,184.669998,7002300
2014-05-13,183.759995,191.339996,183.000000,190.160004,190.160004,7097200
2014-05-14,188.949997,193.479996,187.100006,190.619995,190.619995,5406700
2014-05-15,189.979996,192.660004,185.300003,188.589996,188.589996,6040400
2014-05-16,188.949997,192.039993,187.720001,191.559998,191.559998,4487700
2014-05-19,190.720001,196.889999,190.000000,196.089996,196.089996,4571700
2014-05-20,196.940002,199.330002,193.070007,195.300003,195.300003,5546100
2014-05-21,196.179993,199.869995,194.789993,199.449997,199.449997,5285400
2014-05-22,200.350006,206.880005,199.559998,204.880005,204.880005,6214500
2014-05-23,204.529999,207.759995,202.500000,207.300003,207.300003,4006800
2014-05-27,208.520004,213.869995,207.699997,211.559998,211.559998,5341100
2014-05-28,210.020004,212.770004,205.259995,210.240005,210.240005,5495100
2014-05-29,210.570007,212.490005,207.720001,210.240005,210.240005,3692500
2014-05-30,210.300003,214.800003,207.020004,207.770004,207.770004,5581100
2014-06-02,207.330002,209.350006,201.669998,204.699997,204.699997,4668100
2014-06-03,203.490005,208.000000,202.589996,204.940002,204.940002,3860800
2014-06-04,204.350006,206.259995,200.399994,203.990005,203.990005,3427400
2014-06-05,204.470001,209.199997,204.050003,206.899994,206.899994,4054600
2014-06-06,209.750000,210.809998,207.179993,208.169998,208.169998,3073800
2014-06-09,207.949997,209.990005,204.199997,205.309998,205.309998,2805700
2014-06-10,204.429993,206.970001,201.550003,202.300003,202.300003,3514700
2014-06-11,201.500000,205.000000,199.250000,204.470001,204.470001,3977500
2014-06-12,205.100006,209.880005,202.710007,203.520004,203.520004,5993700
2014-06-13,204.779999,206.789993,201.580002,206.419998,206.419998,3544300
2014-06-16,206.759995,225.490005,206.259995,224.610001,224.610001,13246400
2014-06-17,224.110001,235.539993,222.850006,231.669998,231.669998,13304900
2014-06-18,231.500000,231.710007,226.119995,227.119995,227.119995,6940200
2014-06-19,228.880005,235.309998,227.000000,227.789993,227.789993,8793100
2014-06-20,228.520004,231.289993,226.199997,229.589996,229.589996,4903900
2014-06-23,229.509995,238.990005,228.220001,237.220001,237.220001,7791100
2014-06-24,238.970001,241.880005,231.630005,232.500000,232.500000,8075900
2014-06-25,233.050003,237.550003,230.240005,236.889999,236.889999,5801600
2014-06-26,237.169998,240.399994,234.210007,235.600006,235.600006,5121400
2014-06-27,234.690002,240.000000,234.500000,239.059998,239.059998,5635000
2014-06-30,239.550003,244.490005,239.000000,240.059998,240.059998,4828600
2014-07-01,242.460007,243.440002,238.699997,239.720001,239.720001,4336100
2014-07-02,240.660004,242.330002,227.070007,229.429993,229.429993,8027400
2014-07-03,231.289993,231.899994,224.000000,229.250000,229.250000,5166700
2014-07-07,227.500000,229.779999,220.399994,222.660004,222.660004,5893700
2014-07-08,218.649994,220.960007,214.270004,219.070007,219.070007,7836200
2014-07-09,221.270004,224.220001,219.210007,223.059998,223.059998,4115400
2014-07-10,217.179993,222.220001,216.039993,219.460007,219.460007,4863900
2014-07-11,220.610001,221.600006,217.600006,218.130005,218.130005,3302300
2014-07-14,219.990005,228.789993,215.449997,226.699997,226.699997,7203200
2014-07-15,226.729996,227.649994,218.100006,219.580002,219.580002,5718500
2014-07-16,221.820007,224.800003,216.820007,217.160004,217.160004,4044500
2014-07-17,216.160004,220.550003,213.600006,215.399994,215.399994,4649400
2014-07-18,215.949997,221.210007,215.929993,220.020004,220.020004,4253700
2014-07-21,217.250000,223.210007,216.720001,220.539993,220.539993,3822200
2014-07-22,222.190002,223.300003,219.110001,219.580002,219.580002,2730000
2014-07-23,220.009995,224.750000,219.429993,222.490005,222.490005,3083300
2014-07-24,223.250000,225.100006,220.800003,223.539993,223.539993,3245500
2014-07-25,222.720001,226.970001,221.750000,223.570007,223.570007,3087100
2014-07-28,224.250000,232.000000,221.399994,224.820007,224.820007,6514300
2014-07-29,226.610001,228.300003,224.860001,225.009995,225.009995,3382400
2014-07-30,221.919998,229.600006,221.039993,228.919998,228.919998,4927800
2014-07-31,229.259995,231.399994,221.500000,223.300003,223.300003,7749100
2014-08-01,226.089996,237.500000,226.000000,233.270004,233.270004,11895800
2014-08-04,234.380005,240.500000,233.270004,238.520004,238.520004,5959700
2014-08-05,237.470001,242.990005,235.690002,238.490005,238.490005,5388600
2014-08-06,238.899994,251.419998,238.580002,248.929993,248.929993,9249300
2014-08-07,250.119995,256.690002,249.119995,252.389999,252.389999,7478900
2014-08-08,251.160004,251.759995,246.500000,248.130005,248.130005,5090100
2014-08-11,255.479996,263.739990,255.000000,259.320007,259.320007,8101300
2014-08-12,258.079987,260.299988,254.580002,259.959991,259.959991,6382300
2014-08-13,262.010010,265.640015,259.609985,260.309998,260.309998,6932600
2014-08-14,262.489990,263.000000,256.500000,261.380005,261.380005,4126600
2014-08-15,261.480011,262.089996,258.500000,262.010010,262.010010,3867900
2014-08-18,263.250000,267.260010,259.750000,259.940002,259.940002,5849200
2014-08-19,258.869995,259.329987,251.619995,256.760010,256.760010,5334800
2014-08-20,254.669998,258.739990,253.000000,255.710007,255.710007,3027900
2014-08-21,256.519989,258.799988,253.259995,254.339996,254.339996,2915600
2014-08-22,254.539993,256.950012,252.610001,256.779999,256.779999,2833400
2014-08-25,258.190002,263.679993,258.190002,262.549988,262.549988,4318100
2014-08-26,264.980011,265.500000,261.660004,261.739990,261.739990,3818000
2014-08-27,263.500000,264.239990,260.290009,263.250000,263.250000,2985100
2014-08-28,261.890015,264.480011,261.640015,263.859985,263.859985,2844900
2014-08-29,268.700012,272.000000,267.510010,269.700012,269.700012,6447100
2014-09-02,275.500000,284.890015,274.299988,284.119995,284.119995,9852400
2014-09-03,287.670013,288.000000,280.100006,281.190002,281.190002,6772300
2014-09-04,284.010010,291.420013,280.399994,286.040009,286.040009,8341700
2014-09-05,282.549988,282.899994,272.510010,277.390015,277.390015,11169900
2014-09-08,277.619995,284.880005,277.519989,282.109985,282.109985,5501600
2014-09-09,282.989990,285.489990,277.000000,278.480011,278.480011,4558800
2014-09-10,279.500000,281.410004,273.660004,281.100006,281.100006,3781300
2014-09-11,280.459991,284.790009,278.630005,280.309998,280.309998,3766100
2014-09-12,280.500000,282.390015,277.000000,279.200012,279.200012,3324600
2014-09-15,274.369995,274.399994,249.130005,253.860001,253.860001,16455400
2014-09-16,255.149994,262.459991,252.419998,260.739990,260.739990,8300100
2014-09-17,262.410004,264.700012,259.500000,261.380005,261.380005,5177700
2014-09-18,263.359985,265.600006,262.320007,263.820007,263.820007,3692600
2014-09-19,257.989990,261.429993,255.270004,259.320007,259.320007,6810900
2014-09-22,255.000000,256.019989,244.710007,250.029999,250.029999,8214100
2014-09-23,245.220001,253.800003,245.000000,250.410004,250.410004,5658700
2014-09-24,251.119995,252.839996,247.039993,252.139999,252.139999,3749500
2014-09-25,252.520004,254.960007,246.100006,246.949997,246.949997,4834200
2014-09-26,248.250000,249.729996,246.070007,246.600006,246.600006,3795400
2014-09-29,244.000000,248.639999,241.380005,245.259995,245.259995,4852700
2014-09-30,246.919998,247.649994,240.119995,242.679993,242.679993,4238300
2014-10-01,242.199997,242.660004,235.649994,240.240005,240.240005,5941700
2014-10-02,250.199997,252.789993,245.360001,251.419998,251.419998,8998200
2014-10-03,253.059998,256.500000,251.029999,255.210007,255.210007,5406300
2014-10-06,259.130005,262.489990,257.799988,260.619995,260.619995,7713300
2014-10-07,258.529999,261.459991,255.729996,259.570007,259.570007,4485500
2014-10-08,260.100006,262.880005,252.639999,259.279999,259.279999,5055100
2014-10-09,262.250000,265.540009,254.399994,257.010010,257.010010,7361300
2014-10-10,244.639999,245.889999,235.199997,236.910004,236.910004,12888300
2014-10-13,238.570007,238.960007,221.000000,224.589996,224.589996,11268700
2014-10-14,228.250000,232.470001,223.000000,227.059998,227.059998,7105300
2014-10-15,220.000000,230.990005,217.320007,229.699997,229.699997,9147300
2014-10-16,219.720001,229.919998,219.100006,226.350006,226.350006,5399300
2014-10-17,233.380005,234.770004,226.550003,227.479996,227.479996,10549400
2014-10-20,226.720001,232.399994,225.509995,230.470001,230.470001,3494400
2014-10-21,234.270004,235.389999,230.800003,235.339996,235.339996,4130300
2014-10-22,233.190002,237.389999,230.559998,231.100006,231.100006,4116600
2014-10-23,234.660004,236.279999,232.000000,235.289993,235.289993,3492400
2014-10-24,236.270004,237.800003,231.199997,235.240005,235.240005,3463300
2014-10-27,234.250000,234.610001,220.309998,221.669998,221.669998,9553300
2014-10-28,229.600006,244.600006,228.250000,242.770004,242.770004,10516300
2014-10-29,241.130005,241.500000,235.639999,238.100006,238.100006,4962500
2014-10-30,238.139999,240.500000,235.059998,238.660004,238.660004,3228400
2014-10-31,242.509995,243.119995,238.750000,241.699997,241.699997,3775300
2014-11-03,243.000000,247.559998,241.320007,242.589996,242.589996,4203800
2014-11-04,240.490005,242.350006,236.529999,238.929993,238.929993,3682600
2014-11-05,241.000000,241.360001,230.529999,230.970001,230.970001,9045900
2014-11-06,234.490005,246.690002,228.500000,241.220001,241.220001,15354700
2014-11-07,242.190002,242.839996,237.199997,240.199997,240.199997,5161000
2014-11-10,239.110001,242.880005,236.800003,241.929993,241.929993,4577200
2014-11-11,242.550003,251.820007,242.000000,251.080002,251.080002,7948800
2014-11-12,249.720001,252.339996,245.580002,249.100006,249.100006,5870800
2014-11-13,250.619995,255.750000,250.250000,251.699997,251.699997,6236000
2014-11-14,250.000000,258.850006,248.500000,258.679993,258.679993,6101100
2014-11-17,257.489990,259.000000,252.020004,253.979996,253.979996,4025700
2014-11-18,255.860001,259.989990,255.509995,257.700012,257.700012,4473000
2014-11-19,250.610001,251.880005,245.600006,247.740005,247.740005,7918500
2014-11-20,247.949997,250.929993,246.000000,248.710007,248.710007,3587200
2014-11-21,252.210007,252.779999,242.169998,242.779999,242.779999,7485100
2014-11-24,245.199997,247.600006,240.639999,246.720001,246.720001,4789700
2014-11-25,247.350006,249.720001,246.089996,248.089996,248.089996,3159800
2014-11-26,248.339996,249.000000,246.600006,248.440002,248.440002,1981200
2014-11-28,245.350006,246.690002,242.520004,244.520004,244.520004,2119700
2014-12-01,241.160004,242.470001,229.009995,231.639999,231.639999,8619400
2014-12-02,234.570007,234.880005,228.000000,231.429993,231.429993,5887000
2014-12-03,226.250000,229.720001,225.500000,229.300003,229.300003,5307700
2014-12-04,228.600006,230.899994,227.809998,228.279999,228.279999,3855600
2014-12-05,228.669998,229.389999,222.259995,223.710007,223.710007,6063600
2014-12-08,221.539993,224.860001,212.339996,214.360001,214.360001,9225600
2014-12-09,209.339996,217.729996,204.270004,216.889999,216.889999,9431500
2014-12-10,214.130005,216.770004,207.699997,209.839996,209.839996,7314100
2014-12-11,210.529999,215.429993,208.229996,208.880005,208.880005,6694400
2014-12-12,204.820007,211.679993,204.500000,207.000000,207.000000,7173800
2014-12-15,209.289993,209.800003,202.669998,204.039993,204.039993,5218300
2014-12-16,200.889999,203.679993,195.369995,197.809998,197.809998,8426100
2014-12-17,193.059998,206.649994,192.649994,205.820007,205.820007,7367800
2014-12-18,212.380005,218.440002,211.800003,218.259995,218.259995,7483300
2014-12-19,220.190002,220.399994,214.500000,219.289993,219.289993,6910500
2014-12-22,220.000000,224.059998,218.259995,222.600006,222.600006,4799400
2014-12-23,223.809998,224.320007,219.520004,220.970001,220.970001,4505700
2014-12-24,219.770004,222.500000,219.250000,222.259995,222.259995,1332200
2014-12-26,221.509995,228.500000,221.500000,227.820007,227.820007,3327000
2014-12-29,226.899994,227.910004,224.020004,225.710007,225.710007,2802500
2014-12-30,223.990005,225.649994,221.399994,222.229996,222.229996,2903200
2014-12-31,223.089996,225.679993,222.250000,222.410004,222.410004,2402100
2015-01-02,222.869995,223.250000,213.259995,219.309998,219.309998,4764400
2015-01-05,214.550003,216.500000,207.160004,210.089996,210.089996,5368500
2015-01-06,210.059998,214.199997,204.210007,211.279999,211.279999,6261900
2015-01-07,213.350006,214.779999,209.779999,210.949997,210.949997,2968400
2015-01-08,212.809998,213.800003,210.009995,210.619995,210.619995,3442500
2015-01-09,208.919998,209.979996,204.960007,206.660004,206.660004,4591300
2015-01-12,203.050003,204.470001,199.250000,202.210007,202.210007,5944200
2015-01-13,203.320007,207.610001,200.910004,204.250000,204.250000,4477300
2015-01-14,185.830002,195.199997,185.000000,192.690002,192.690002,11551900
2015-01-15,194.490005,195.750000,190.000000,191.869995,191.869995,5216500
2015-01-16,190.699997,194.490005,189.649994,193.070007,193.070007,3603200
2015-01-20,193.869995,194.119995,187.039993,191.929993,191.929993,4489400
2015-01-21,189.550003,198.679993,189.509995,196.570007,196.570007,4153000
2015-01-22,197.000000,203.240005,195.199997,201.619995,201.619995,4116900
2015-01-23,200.289993,203.500000,198.330002,201.289993,201.289993,3438600
2015-01-26,201.830002,208.619995,201.050003,206.550003,206.550003,3234500
2015-01-27,204.419998,208.029999,203.300003,205.979996,205.979996,2781000
2015-01-28,206.110001,206.369995,198.419998,199.369995,199.369995,3149600
2015-01-29,201.070007,205.979996,196.500000,205.199997,205.199997,3548100
2015-01-30,203.960007,207.470001,203.000000,203.600006,203.600006,3007000
2015-02-02,203.970001,211.949997,203.300003,210.940002,210.940002,4149200
2015-02-03,213.220001,220.369995,211.270004,218.360001,218.360001,4812900
2015-02-04,218.289993,221.479996,216.800003,218.550003,218.550003,3305400
2015-02-05,219.880005,225.479996,219.639999,220.990005,220.990005,3522900
2015-02-06,222.000000,223.399994,216.500000,217.360001,217.360001,3233200
2015-02-09,215.380005,217.929993,211.990005,217.479996,217.479996,3472400
2015-02-10,217.550003,220.500000,215.000000,216.289993,216.289993,5390500
2015-02-11,212.210007,214.740005,207.279999,212.800003,212.800003,9769100
2015-02-12,193.570007,203.089996,193.279999,202.880005,202.880005,15649600
2015-02-13,202.899994,205.990005,200.910004,203.770004,203.770004,6191000
2015-02-17,205.699997,205.699997,201.500000,204.350006,204.350006,3979600
2015-02-18,204.169998,206.169998,202.600006,204.460007,204.460007,2708800
2015-02-19,205.000000,212.440002,203.750000,211.710007,211.710007,5154100
2015-02-20,210.779999,217.600006,209.809998,217.110001,217.110001,5982100
2015-02-23,215.660004,218.199997,206.330002,207.339996,207.339996,8499800
2015-02-24,207.289993,207.289993,201.699997,204.110001,204.110001,6584900
2015-02-25,204.940002,207.139999,202.580002,203.759995,203.759995,3909500
2015-02-26,204.000000,211.089996,202.220001,207.190002,207.190002,6472900
2015-02-27,206.899994,208.550003,202.800003,203.339996,203.339996,3882100
2015-03-02,202.699997,203.339996,195.830002,197.330002,197.330002,7922100
2015-03-03,196.809998,200.240005,195.320007,199.559998,199.559998,4432300
2015-03-04,199.250000,202.520004,197.210007,202.440002,202.440002,4212000
2015-03-05,202.850006,206.190002,200.149994,200.630005,200.630005,4877000
2015-03-06,199.210007,200.750000,192.149994,193.880005,193.880005,6712400
2015-03-09,194.389999,194.490005,188.250000,190.880005,190.880005,6736700
2015-03-10,188.460007,193.500000,187.600006,190.320007,190.320007,5530900
2015-03-11,191.149994,196.179993,191.009995,193.740005,193.740005,4974900
2015-03-12,193.750000,194.449997,189.750000,191.070007,191.070007,4149300
2015-03-13,188.949997,191.750000,187.320007,188.679993,188.679993,5434300
2015-03-16,192.000000,195.910004,189.800003,195.699997,195.699997,5628800
2015-03-17,195.429993,198.710007,193.940002,194.729996,194.729996,4883200
2015-03-18,194.960007,200.880005,193.110001,200.710007,200.710007,4756300
2015-03-19,202.000000,204.589996,194.529999,195.649994,195.649994,8475200
2015-03-20,197.449997,198.990005,195.619995,198.080002,198.080002,4269500
2015-03-23,198.500000,200.500000,197.470001,199.630005,199.630005,2620900
2015-03-24,201.580002,203.789993,199.750000,201.720001,201.720001,3649900
2015-03-25,198.270004,198.589996,192.699997,194.300003,194.300003,5730400
2015-03-26,193.919998,194.789993,189.699997,190.410004,190.410004,4128000
2015-03-27,189.070007,189.289993,181.399994,185.000000,185.000000,8526900
2015-03-30,185.850006,192.250000,181.800003,190.570007,190.570007,10089500
2015-03-31,193.529999,193.759995,188.410004,188.770004,188.770004,5026600
2015-04-01,188.699997,192.300003,186.050003,187.589996,187.589996,3786000
2015-04-02,190.229996,193.229996,190.000000,191.000000,191.000000,5010400
2015-04-06,198.000000,207.750000,197.500000,203.100006,203.100006,12455800
2015-04-07,202.509995,205.059998,201.139999,203.250000,203.250000,4347900
2015-04-08,208.199997,210.899994,205.869995,207.669998,207.669998,6303100
2015-04-09,208.429993,210.369995,206.119995,210.089996,210.089996,3800200
2015-04-10,209.850006,211.649994,209.000000,210.899994,210.899994,4067700
2015-04-13,210.440002,213.000000,209.050003,209.779999,209.779999,3758200
2015-04-14,208.570007,209.490005,205.500000,207.460007,207.460007,3017000
2015-04-15,207.460007,209.589996,206.600006,207.830002,207.830002,1952400
2015-04-16,207.699997,209.169998,206.289993,206.699997,206.699997,1659100
2015-04-17,204.990005,206.880005,203.500000,206.789993,206.789993,2469900
2015-04-20,206.779999,207.850006,203.850006,205.270004,205.270004,2554700
2015-04-21,205.800003,210.750000,204.309998,209.410004,209.410004,3432500
2015-04-22,212.500000,221.880005,211.690002,219.440002,219.440002,7863000
2015-04-23,218.270004,221.479996,217.149994,218.600006,218.600006,4411200
2015-04-24,220.500000,220.800003,218.009995,218.429993,218.429993,2427800
2015-04-27,222.559998,238.750000,222.000000,231.550003,231.550003,11672600
2015-04-28,234.750000,235.500000,228.029999,230.479996,230.479996,6085400
2015-04-29,230.050003,234.970001,227.630005,232.449997,232.449997,3936100
2015-04-30,230.389999,232.889999,225.169998,226.050003,226.050003,3911900
2015-05-01,229.940002,231.770004,220.410004,226.029999,226.029999,5281700
2015-05-04,228.179993,234.729996,227.110001,230.509995,230.509995,4434600
2015-05-05,237.759995,239.500000,229.130005,232.949997,232.949997,5796900
2015-05-06,234.100006,234.470001,228.199997,230.429993,230.429993,5270900
2015-05-07,221.000000,237.479996,220.250000,236.800003,236.800003,9455900
2015-05-08,235.990005,238.410004,233.699997,236.610001,236.610001,4668200
2015-05-11,236.289993,242.880005,235.309998,239.490005,239.490005,5672300
2015-05-12,240.110001,246.350006,238.190002,244.740005,244.740005,6363400
2015-05-13,247.610001,248.300003,242.250000,243.179993,243.179993,5440200
2015-05-14,244.820007,244.889999,241.250000,244.100006,244.100006,2895900
2015-05-15,243.929993,249.399994,242.500000,248.839996,248.839996,4527600
2015-05-18,247.000000,249.899994,246.000000,248.750000,248.750000,3348000
2015-05-19,248.429993,251.000000,246.149994,247.139999,247.139999,3674200
2015-05-20,247.130005,247.740005,241.369995,244.350006,244.350006,3755600
2015-05-21,243.029999,246.619995,242.360001,245.619995,245.619995,1970600
2015-05-22,245.380005,248.600006,245.009995,247.729996,247.729996,2223100
2015-05-26,247.679993,252.000000,246.500000,247.460007,247.460007,3498700
2015-05-27,248.509995,249.500000,245.550003,247.429993,247.429993,3408200
2015-05-28,247.029999,251.800003,245.050003,251.449997,251.449997,3647300
2015-05-29,251.000000,252.869995,249.429993,250.800003,250.800003,3781700
2015-06-01,251.410004,251.600006,247.470001,249.449997,249.449997,2505100
2015-06-02,248.919998,249.399994,246.300003,248.350006,248.350006,2125800
2015-06-03,248.199997,250.720001,247.009995,248.990005,248.990005,1781500
2015-06-04,247.500000,249.300003,245.710007,245.919998,245.919998,2453600
2015-06-05,246.000000,249.699997,245.679993,249.139999,249.139999,3022000
2015-06-08,250.850006,258.750000,250.309998,256.290009,256.290009,5001200
2015-06-09,255.399994,257.739990,254.139999,256.000000,256.000000,2611100
2015-06-10,251.899994,254.000000,248.500000,250.699997,250.699997,3454500
2015-06-11,253.259995,254.369995,250.429993,251.410004,251.410004,2044100
2015-06-12,250.210007,253.460007,250.210007,250.690002,250.690002,1422300
2015-06-15,249.699997,251.279999,246.009995,250.380005,250.380005,2186200
2015-06-16,250.130005,253.440002,249.100006,253.119995,253.119995,1984700
2015-06-17,252.169998,264.359985,252.020004,260.410004,260.410004,5512900
2015-06-18,262.000000,263.459991,260.019989,261.890015,261.890015,2782700
2015-06-19,262.399994,263.799988,260.100006,262.510010,262.510010,2463000
2015-06-22,262.149994,264.399994,255.690002,259.790009,259.790009,4561100
2015-06-23,260.320007,268.000000,258.570007,267.670013,267.670013,3870800
2015-06-24,266.980011,267.350006,263.720001,265.170013,265.170013,2412300
2015-06-25,266.450012,271.410004,265.250000,268.790009,268.790009,2849200
2015-06-26,268.890015,269.109985,266.000000,267.089996,267.089996,3838400
2015-06-29,261.950012,265.950012,260.700012,262.019989,262.019989,3478900
2015-06-30,264.799988,270.920013,264.000000,268.260010,268.260010,3086900
2015-07-01,271.109985,272.619995,267.850006,269.149994,269.149994,2101200
2015-07-02,280.200012,282.450012,273.309998,280.019989,280.019989,7163900
2015-07-06,278.880005,281.690002,276.299988,279.720001,279.720001,4121900
2015-07-07,275.000000,275.200012,260.769989,267.880005,267.880005,6105100
2015-07-08,259.320007,260.799988,254.309998,254.960007,254.960007,6221100
2015-07-09,259.079987,262.950012,256.790009,257.920013,257.920013,3334100
2015-07-10,262.220001,263.000000,257.820007,259.149994,259.149994,2610900
2015-07-13,262.250000,262.549988,256.049988,262.160004,262.160004,2960300
2015-07-14,262.100006,265.989990,260.510010,265.649994,265.649994,1907600
2015-07-15,266.739990,267.489990,262.079987,263.140015,263.140015,2021600
2015-07-16,264.220001,267.200012,263.160004,266.679993,266.679993,1616000
2015-07-17,272.500000,275.540009,268.250000,274.660004,274.660004,5004100
2015-07-20,275.000000,286.649994,272.540009,282.260010,282.260010,4978500
2015-07-21,270.049988,273.500000,266.549988,266.769989,266.769989,6108700
2015-07-22,261.269989,269.440002,260.859985,267.869995,267.869995,3105000
2015-07-23,269.649994,269.899994,265.269989,267.200012,267.200012,2227200
2015-07-24,267.380005,271.089996,263.920013,265.410004,265.410004,2836500
2015-07-27,262.429993,264.429993,250.789993,253.009995,253.009995,4694200
2015-07-28,255.750000,265.399994,251.839996,264.820007,264.820007,3895800
2015-07-29,264.269989,267.890015,262.000000,263.820007,263.820007,2790100
2015-07-30,262.690002,266.940002,262.109985,266.790009,266.790009,2034600
2015-07-31,267.600006,269.359985,265.119995,266.149994,266.149994,2222600
2015-08-03,266.290009,266.709991,257.070007,259.989990,259.989990,2553500
2015-08-04,260.010010,266.720001,258.339996,266.279999,266.279999,2352500
2015-08-05,263.579987,271.000000,260.399994,270.130005,270.130005,6214300
2015-08-06,249.539993,255.000000,236.119995,246.130005,246.130005,14623800
2015-08-07,243.580002,243.729996,238.389999,242.509995,242.509995,5073400
2015-08-10,238.149994,242.970001,236.050003,241.139999,241.139999,4185900
2015-08-11,237.149994,239.300003,234.440002,237.369995,237.369995,4253300
2015-08-12,235.000000,239.770004,232.740005,238.169998,238.169998,3728000
2015-08-13,239.860001,246.479996,239.119995,242.509995,242.509995,4689200
2015-08-14,247.240005,247.929993,241.770004,243.149994,243.149994,4351700
2015-08-17,255.559998,256.589996,250.509995,254.990005,254.990005,7176700
2015-08-18,255.380005,260.950012,253.559998,260.720001,260.720001,4195000
2015-08-19,260.329987,260.649994,255.020004,255.250000,255.250000,3604300
2015-08-20,252.059998,254.559998,241.899994,242.179993,242.179993,4905800
2015-08-21,236.000000,243.800003,230.509995,230.770004,230.770004,6590200
2015-08-24,202.789993,231.399994,195.000000,218.869995,218.869995,9581600
2015-08-25,230.520004,230.899994,219.119995,220.029999,220.029999,4327300
2015-08-26,227.929993,228.000000,215.509995,224.839996,224.839996,4963000
2015-08-27,231.000000,244.750000,230.809998,242.990005,242.990005,7656000
2015-08-28,241.860001,251.449997,241.570007,248.479996,248.479996,5513700
2015-08-31,245.619995,254.949997,245.509995,249.059998,249.059998,4680800
2015-09-01,240.339996,246.000000,236.970001,238.630005,238.630005,5454800
2015-09-02,245.300003,247.880005,239.779999,247.690002,247.690002,4629200
2015-09-03,252.059998,252.080002,245.000000,245.570007,245.570007,4194800
2015-09-04,240.889999,244.089996,238.199997,241.929993,241.929993,3689200
2015-09-08,245.050003,249.160004,244.050003,248.169998,248.169998,3138200
2015-09-09,252.050003,254.250000,248.300003,248.910004,248.910004,3384700
2015-09-10,247.229996,250.720001,245.330002,248.479996,248.479996,2709000
2015-09-11,247.639999,250.240005,244.729996,250.240005,250.240005,2350800
2015-09-14,251.100006,254.250000,249.669998,253.190002,253.190002,2890900
2015-09-15,252.750000,254.600006,249.500000,253.570007,253.570007,2929300
2015-09-16,253.039993,262.880005,252.880005,262.250000,262.250000,4417100
2015-09-17,263.959991,265.500000,260.690002,262.070007,262.070007,3585800
2015-09-18,257.959991,263.820007,257.500000,260.619995,260.619995,3739800
2015-09-21,263.980011,271.570007,255.800003,264.200012,264.200012,6120200
2015-09-22,259.029999,262.649994,255.869995,260.940002,260.940002,3664400
2015-09-23,261.950012,262.079987,257.579987,261.059998,261.059998,2600800
2015-09-24,259.529999,263.450012,256.209991,263.119995,263.119995,3448200
2015-09-25,266.609985,266.910004,256.149994,256.910004,256.910004,3773400
2015-09-28,257.350006,259.790009,246.610001,248.429993,248.429993,4901100
2015-09-29,250.460007,254.729996,245.460007,246.649994,246.649994,3703200
2015-09-30,252.000000,252.399994,242.339996,248.399994,248.399994,4923300
2015-10-01,247.509995,248.500000,237.130005,239.880005,239.880005,4573000
2015-10-02,235.600006,247.699997,234.929993,247.570007,247.570007,4424000
2015-10-05,248.839996,249.839996,244.130005,246.149994,246.149994,3689900
2015-10-06,240.000000,243.029999,235.580002,241.460007,241.460007,5225200
2015-10-07,236.630005,237.699997,229.119995,231.960007,231.960007,6814000
2015-10-08,230.080002,230.720001,221.309998,226.720001,226.720001,6133200
2015-10-09,220.929993,224.369995,218.360001,220.690002,220.690002,6158400
2015-10-12,222.990005,223.000000,215.270004,215.580002,215.580002,3836300
2015-10-13,213.279999,222.520004,211.130005,219.250000,219.250000,5171500
2015-10-14,220.669998,220.949997,215.429993,216.880005,216.880005,3104400
2015-10-15,216.429993,221.729996,213.699997,221.309998,221.309998,2844200
2015-10-16,223.039993,230.479996,222.869995,227.009995,227.009995,4334500
2015-10-19,226.500000,231.149994,224.940002,228.100006,228.100006,2507900
2015-10-20,227.720001,228.600006,202.000000,213.029999,213.029999,14863300
2015-10-21,211.990005,214.809998,208.800003,210.089996,210.089996,4151500
2015-10-22,211.559998,215.750000,209.399994,211.720001,211.720001,2825200
2015-10-23,215.000000,215.350006,207.690002,209.089996,209.089996,4235500
2015-10-26,211.380005,215.880005,210.000000,215.259995,215.259995,3391400
2015-10-27,214.839996,217.100006,207.509995,210.350006,210.350006,3519400
2015-10-28,211.309998,213.449997,208.300003,212.960007,212.960007,2728600
2015-10-29,211.750000,213.750000,210.639999,211.630005,211.630005,1782400
2015-10-30,210.399994,211.630005,203.889999,206.929993,206.929993,4438900
2015-11-02,208.919998,215.800003,207.220001,213.789993,213.789993,3927900
2015-11-03,213.850006,214.440002,207.750000,208.350006,208.350006,8332500
2015-11-04,227.000000,232.740005,225.199997,231.630005,231.630005,12706700
2015-11-05,230.580002,234.580002,229.190002,231.770004,231.770004,4496800
2015-11-06,230.699997,233.360001,229.500000,232.360001,232.360001,2445300
2015-11-09,232.990005,232.990005,224.309998,225.330002,225.330002,3850900
2015-11-10,223.479996,223.699997,216.080002,216.500000,216.500000,4617000
2015-11-11,217.770004,219.479996,213.630005,219.080002,219.080002,3347800
2015-11-12,217.850006,219.000000,212.660004,212.940002,212.940002,2915900
2015-11-13,212.949997,212.990005,206.520004,207.190002,207.190002,3430300
2015-11-16,206.089996,214.979996,205.800003,214.309998,214.309998,2925400
2015-11-17,215.199997,216.000000,211.399994,214.000000,214.000000,2148700
2015-11-18,214.500000,221.380005,212.520004,221.070007,221.070007,2811900
2015-11-19,220.539993,226.190002,220.300003,221.800003,221.800003,2504400
2015-11-20,223.490005,225.000000,213.580002,220.009995,220.009995,4400700
2015-11-23,217.350006,219.179993,214.679993,217.750000,217.750000,2526200
2015-11-24,215.369995,221.000000,215.000000,218.250000,218.250000,2480300
2015-11-25,221.339996,230.830002,220.380005,229.639999,229.639999,3990800
2015-11-27,231.059998,232.250000,227.009995,231.610001,231.610001,1949400
2015-11-30,231.789993,234.279999,229.080002,230.259995,230.259995,2659800
2015-12-01,231.059998,238.000000,231.050003,237.190002,237.190002,3734000
2015-12-02,237.000000,238.600006,231.229996,231.990005,231.990005,2981500
2015-12-03,235.479996,237.449997,230.000000,232.710007,232.710007,2939600
2015-12-04,232.460007,233.270004,227.660004,230.380005,230.380005,2573600
2015-12-07,227.699997,235.630005,226.149994,231.130005,231.130005,3144200
2015-12-08,227.520004,228.800003,224.199997,226.720001,226.720001,2687600
2015-12-09,226.699997,227.500000,220.720001,224.520004,224.520004,3057800
2015-12-10,224.710007,228.490005,223.639999,227.070007,227.070007,2067000
2015-12-11,225.240005,225.750000,216.639999,217.020004,217.020004,3268700
2015-12-14,217.509995,220.919998,214.869995,218.580002,218.580002,2827100
2015-12-15,221.820007,222.220001,218.000000,221.089996,221.089996,2244400
2015-12-16,222.100006,234.880005,220.729996,234.509995,234.509995,5104300
2015-12-17,233.940002,237.759995,229.809998,233.389999,233.389999,3298600
2015-12-18,232.889999,235.899994,229.289993,230.460007,230.460007,3014200
2015-12-21,231.690002,235.830002,231.080002,232.559998,232.559998,1953200
2015-12-22,234.990005,236.550003,229.630005,229.949997,229.949997,1958700
2015-12-23,232.179993,233.449997,228.130005,229.699997,229.699997,1555000
2015-12-24,230.559998,231.880005,228.279999,230.570007,230.570007,710300
2015-12-28,231.490005,231.979996,225.539993,228.949997,228.949997,1900200
2015-12-29,230.059998,237.720001,229.550003,237.190002,237.190002,2406300
2015-12-30,236.600006,243.630005,235.669998,238.089996,238.089996,3697900
2015-12-31,238.509995,243.449997,238.369995,240.009995,240.009995,2715000
2016-01-04,230.720001,231.380005,219.000000,223.410004,223.410004,6827100
2016-01-05,226.360001,226.889999,220.000000,223.429993,223.429993,3186800
2016-01-06,220.000000,220.050003,215.979996,219.039993,219.039993,3779100
2016-01-07,214.190002,218.440002,213.669998,215.649994,215.649994,3554300
2016-01-08,217.860001,220.440002,210.770004,211.000000,211.000000,3628100
2016-01-11,214.009995,214.449997,203.000000,207.850006,207.850006,4089700
2016-01-12,211.600006,213.740005,205.309998,209.970001,209.970001,3091900
2016-01-13,212.009995,212.649994,200.000000,200.309998,200.309998,4126400
2016-01-14,202.210007,210.000000,193.380005,206.179993,206.179993,6490700
2016-01-15,198.970001,205.070007,197.250000,204.990005,204.990005,5578600
2016-01-19,208.710007,210.470001,200.779999,204.720001,204.720001,4038700
2016-01-20,199.399994,201.279999,191.250000,198.699997,198.699997,5838600
2016-01-21,201.550003,203.229996,195.020004,199.970001,199.970001,3166200
2016-01-22,204.800003,205.500000,199.029999,202.550003,202.550003,3124100
2016-01-25,200.059998,203.570007,195.880005,196.380005,196.380005,2698700
2016-01-26,196.699997,197.820007,188.880005,193.559998,193.559998,4946800
2016-01-27,192.380005,193.259995,185.770004,188.070007,188.070007,3617200
2016-01-28,190.789993,191.279999,182.410004,189.699997,189.699997,4592800
2016-01-29,189.949997,193.740005,188.080002,191.199997,191.199997,2852300
2016-02-01,188.759995,199.520004,182.750000,196.940002,196.940002,5297600
2016-02-02,192.419998,193.119995,180.229996,182.779999,182.779999,5773600
2016-02-03,183.589996,183.940002,170.179993,173.479996,173.479996,7931400
2016-02-04,170.699997,175.979996,166.990005,175.330002,175.330002,4363900
2016-02-05,171.300003,173.000000,157.740005,162.600006,162.600006,9437600
2016-02-08,157.100006,157.149994,146.000000,147.990005,147.990005,9313000
2016-02-09,142.320007,159.789993,141.050003,148.250000,148.250000,8575100
2016-02-10,150.500000,154.970001,141.740005,143.669998,143.669998,10406500
2016-02-11,152.000000,163.259995,147.000000,150.470001,150.470001,14252400
2016-02-12,155.000000,157.009995,143.699997,151.039993,151.039993,7235800
2016-02-16,158.699997,162.949997,154.110001,155.169998,155.169998,5593800
2016-02-17,159.000000,169.339996,156.679993,168.679993,168.679993,5825200
2016-02-18,172.419998,172.949997,164.770004,166.770004,166.770004,3887600
2016-02-19,163.660004,167.490005,162.500000,166.580002,166.580002,2959400
2016-02-22,170.119995,178.910004,169.850006,177.740005,177.740005,5060100
2016-02-23,176.160004,181.729996,173.679993,177.210007,177.210007,5984400
2016-02-24,172.750000,179.500000,167.839996,179.000000,179.000000,5395600
2016-02-25,178.649994,188.520004,175.199997,187.429993,187.429993,5720500
2016-02-26,188.699997,192.000000,185.000000,190.339996,190.339996,6065100
2016-02-29,192.399994,196.350006,189.220001,191.929993,191.929993,4499000
2016-03-01,194.250000,195.949997,182.699997,186.350006,186.350006,6712200
2016-03-02,183.729996,188.520004,181.500000,188.339996,188.339996,4862400
2016-03-03,188.279999,197.419998,184.220001,195.740005,195.740005,4820500
2016-03-04,198.000000,204.029999,197.500000,201.039993,201.039993,6489100
2016-03-07,197.679993,209.699997,197.399994,205.289993,205.289993,5329400
2016-03-08,203.500000,207.500000,202.199997,202.600006,202.600006,4178700
2016-03-09,204.520004,209.369995,202.789993,208.720001,208.720001,3208600
2016-03-10,210.000000,213.289993,200.669998,205.179993,205.179993,5183200
2016-03-11,207.929993,209.419998,205.330002,207.500000,207.500000,3343100
2016-03-14,212.649994,216.720001,210.639999,215.149994,215.149994,4065700
2016-03-15,214.270004,218.970001,211.500000,218.339996,218.339996,3180500
2016-03-16,218.000000,222.580002,217.020004,221.929993,221.929993,3516700
2016-03-17,221.470001,228.500000,220.000000,226.380005,226.380005,3782900
2016-03-18,229.100006,234.479996,228.059998,232.740005,232.740005,4711800
2016-03-21,235.339996,239.880005,235.000000,238.320007,238.320007,5307800
2016-03-22,237.210007,238.990005,232.559998,234.240005,234.240005,4316000
2016-03-23,232.369995,234.729996,222.029999,222.580002,222.580002,4948800
2016-03-24,215.779999,228.889999,215.000000,227.750000,227.750000,4960900
2016-03-28,231.610001,234.809998,225.000000,230.259995,230.259995,3925700
2016-03-29,229.889999,232.380005,225.330002,230.130005,230.130005,4004900
2016-03-30,235.089996,235.500000,226.500000,226.889999,226.889999,4033000
2016-03-31,229.339996,237.419998,225.009995,229.770004,229.770004,8012900
2016-04-01,244.830002,247.899994,233.250000,237.589996,237.589996,15997500
2016-04-04,249.119995,252.119995,243.639999,246.990005,246.990005,13475300
2016-04-05,240.500000,256.559998,240.000000,255.470001,255.470001,9948700
2016-04-06,253.970001,267.739990,253.449997,265.420013,265.420013,11679900
2016-04-07,266.450012,269.339996,254.509995,257.200012,257.200012,8856200
2016-04-08,260.500000,260.820007,248.020004,250.070007,250.070007,7363900
2016-04-11,251.000000,258.989990,245.300003,249.919998,249.919998,9161700
2016-04-12,249.500000,251.800003,243.630005,247.820007,247.820007,5750800
2016-04-13,248.509995,255.500000,247.330002,254.529999,254.529999,4925600
2016-04-14,253.000000,256.839996,251.050003,251.860001,251.860001,4120000
2016-04-15,251.309998,254.600006,249.119995,254.509995,254.509995,3752400
2016-04-18,252.229996,258.309998,251.660004,253.880005,253.880005,4261800
2016-04-19,253.119995,254.369995,241.250000,247.369995,247.369995,6357500
2016-04-20,246.259995,253.660004,241.500000,249.970001,249.970001,5194100
2016-04-21,248.990005,250.899994,246.910004,248.289993,248.289993,2783100
2016-04-22,248.889999,254.000000,245.710007,253.750000,253.750000,3786300
2016-04-25,253.009995,257.380005,250.759995,251.820007,251.820007,3670300
2016-04-26,252.050003,255.729996,249.389999,253.740005,253.740005,3223800
2016-04-27,252.750000,255.000000,249.399994,251.470001,251.470001,3205800
2016-04-28,249.850006,253.429993,247.440002,247.710007,247.710007,2519000
2016-04-29,248.139999,248.429993,237.809998,240.759995,240.759995,5413800
2016-05-02,241.500000,243.190002,234.820007,241.800003,241.800003,3843900
2016-05-03,237.360001,238.910004,231.619995,232.320007,232.320007,4302200
2016-05-04,230.289993,234.460007,220.399994,222.559998,222.559998,8262500
2016-05-05,228.460007,228.639999,209.789993,211.529999,211.529999,11254800
2016-05-06,210.869995,216.369995,208.110001,214.929993,214.929993,5685200
2016-05-09,215.720001,216.149994,206.800003,208.919998,208.919998,4776400
2016-05-10,207.550003,209.470001,205.000000,208.690002,208.690002,4065200
2016-05-11,207.589996,215.479996,206.050003,208.960007,208.960007,5161900
2016-05-12,211.440002,211.669998,203.660004,207.279999,207.279999,3650500
2016-05-13,207.779999,211.199997,206.699997,207.610001,207.610001,2822800
2016-05-16,208.149994,213.149994,207.919998,208.289993,208.289993,2949400
2016-05-17,209.050003,209.820007,204.020004,204.660004,204.660004,2843600
2016-05-18,209.149994,215.309998,207.750000,211.169998,211.169998,5617500
2016-05-19,213.619995,216.789993,207.300003,215.210007,215.210007,6866300
2016-05-20,216.990005,220.550003,216.350006,220.279999,220.279999,9007100
2016-05-23,219.869995,222.600006,215.860001,216.220001,216.220001,5093200
2016-05-24,216.600006,218.740005,215.179993,217.910004,217.910004,3013800
2016-05-25,217.910004,221.360001,216.509995,219.580002,219.580002,3126800
2016-05-26,220.500000,225.259995,219.050003,225.119995,225.119995,4064000
2016-05-27,224.990005,225.929993,220.750000,223.039993,223.039993,3650300
2016-05-31,223.039993,224.750000,221.500000,223.229996,223.229996,2789000
2016-06-01,221.479996,222.399994,216.889999,219.559998,219.559998,2982700
2016-06-02,219.589996,219.910004,217.110001,218.960007,218.960007,2009400
2016-06-03,220.000000,221.940002,218.009995,218.990005,218.990005,2229000
2016-06-06,218.000000,220.899994,215.449997,220.679993,220.679993,2249500
2016-06-07,222.240005,234.440002,221.520004,232.339996,232.339996,6213600
2016-06-08,233.800003,240.850006,232.610001,235.520004,235.520004,5972000
2016-06-09,234.979996,235.330002,227.059998,229.360001,229.360001,4492100
2016-06-10,227.389999,227.970001,218.419998,218.789993,218.789993,6026600
2016-06-13,219.500000,225.770004,217.660004,217.869995,217.869995,4193000
2016-06-14,218.880005,222.199997,212.529999,214.960007,214.960007,3580200
2016-06-15,216.949997,221.899994,215.130005,217.699997,217.699997,2908500
2016-06-16,217.419998,218.039993,213.500000,217.929993,217.929993,2440300
2016-06-17,217.809998,219.990005,214.500000,215.470001,215.470001,3112600
2016-06-20,219.500000,223.750000,218.229996,219.699997,219.699997,3555500
2016-06-21,220.679993,222.570007,218.809998,219.610001,219.610001,4529000
2016-06-22,199.470001,205.949997,195.750000,196.660004,196.660004,23742400
2016-06-23,195.690002,197.550003,192.130005,196.399994,196.399994,10130700
2016-06-24,190.050003,195.119995,189.729996,193.149994,193.149994,7026500
2016-06-27,190.860001,198.809998,187.869995,198.550003,198.550003,7205400
2016-06-28,201.889999,204.050003,199.410004,201.789993,201.789993,6212400
2016-06-29,205.130005,211.779999,203.000000,210.190002,210.190002,5994900
2016-06-30,212.970001,213.500000,209.020004,212.279999,212.279999,4843100
2016-07-01,206.139999,218.240005,206.000000,216.500000,216.500000,5400000
2016-07-05,209.729996,214.539993,208.000000,213.979996,213.979996,5175300
2016-07-06,210.000000,215.229996,209.000000,214.440002,214.440002,4919900
2016-07-07,213.100006,218.119995,213.009995,215.940002,215.940002,3599700
2016-07-08,217.800003,219.809998,214.500000,216.779999,216.779999,4074800
2016-07-11,219.960007,226.779999,219.509995,224.779999,224.779999,5429800
2016-07-12,224.100006,227.500000,223.220001,224.649994,224.649994,4571300
2016-07-13,225.500000,225.589996,220.289993,222.529999,222.529999,3567100
2016-07-14,223.119995,224.940002,221.050003,221.529999,221.529999,2675800
2016-07-15,222.520004,222.750000,219.639999,220.399994,220.399994,2234200
2016-07-18,219.639999,227.089996,218.300003,226.250000,226.250000,3412100
2016-07-19,225.000000,229.100006,224.750000,225.259995,225.259995,3115100
2016-07-20,226.470001,229.800003,225.000000,228.360001,228.360001,2568500
2016-07-21,226.000000,227.850006,219.100006,220.500000,220.500000,4428700
2016-07-22,221.990005,224.500000,218.880005,222.270004,222.270004,2579700
2016-07-25,222.270004,231.389999,221.369995,230.009995,230.009995,4490700
2016-07-26,227.690002,230.000000,225.300003,229.509995,229.509995,3430000
2016-07-27,229.339996,233.360001,226.919998,228.490005,228.490005,2885200
2016-07-28,227.949997,230.759995,226.600006,230.610001,230.610001,2419100
2016-07-29,230.699997,235.279999,230.240005,234.789993,234.789993,3070800
2016-08-01,235.500000,236.630005,229.380005,230.009995,230.009995,4016300
2016-08-02,229.369995,229.869995,221.399994,227.199997,227.199997,3934400
2016-08-03,227.369995,229.699997,224.210007,225.789993,225.789993,3887800
2016-08-04,225.690002,230.860001,222.050003,230.610001,230.610001,4122800
2016-08-05,230.000000,232.000000,227.399994,230.029999,230.029999,3205200
2016-08-08,228.000000,229.600006,226.089996,226.160004,226.160004,2263600
2016-08-09,226.820007,231.539993,226.649994,229.080002,229.080002,2207800
2016-08-10,228.240005,229.869995,224.619995,225.649994,225.649994,2338300
2016-08-11,226.169998,227.570007,223.410004,224.910004,224.910004,1875800
2016-08-12,225.410004,226.649994,224.039993,225.610001,225.610001,1813500
2016-08-15,226.020004,229.500000,224.929993,225.589996,225.589996,2034300
2016-08-16,225.490005,227.190002,223.410004,223.610001,223.610001,2267100
2016-08-17,224.330002,224.830002,222.800003,223.240005,223.240005,1787100
2016-08-18,223.820007,225.660004,222.289993,223.509995,223.509995,1714500
2016-08-19,223.539993,225.169998,222.529999,225.000000,225.000000,1659500
2016-08-22,224.169998,225.110001,222.679993,222.929993,222.929993,2065500
2016-08-23,224.320007,228.490005,222.800003,224.839996,224.839996,4784400
2016-08-24,227.050003,227.149994,222.220001,222.619995,222.619995,2570700
2016-08-25,223.110001,223.800003,220.770004,220.960007,220.960007,1762500
2016-08-26,222.139999,222.860001,218.820007,219.990005,219.990005,2239000
2016-08-29,220.149994,220.399994,215.000000,215.199997,215.199997,3257100
2016-08-30,216.110001,216.110001,210.520004,211.339996,211.339996,3168900
2016-08-31,210.429993,212.600006,208.649994,212.009995,212.009995,3276500
2016-09-01,209.009995,211.100006,200.500000,200.770004,200.770004,7943100
2016-09-02,202.330002,203.199997,196.199997,197.779999,197.779999,5977400
2016-09-06,199.020004,203.250000,199.000000,202.830002,202.830002,4390600
2016-09-07,205.500000,206.500000,200.710007,201.710007,201.710007,3640900
2016-09-08,199.550003,199.889999,196.360001,197.360001,197.360001,3370000
2016-09-09,199.089996,199.919998,193.699997,194.470001,194.470001,3757000
2016-09-12,195.000000,201.369995,194.100006,198.300003,198.300003,3715200
2016-09-13,197.059998,198.490005,193.449997,196.050003,196.050003,3589400
2016-09-14,195.750000,197.919998,194.860001,196.410004,196.410004,2254500
2016-09-15,196.490005,202.520004,196.399994,200.419998,200.419998,3077200
2016-09-16,200.419998,205.699997,199.000000,205.399994,205.399994,3107800
2016-09-19,207.000000,209.429993,205.000000,206.339996,206.339996,2297000
2016-09-20,206.850006,207.750000,203.910004,204.639999,204.639999,2410500
2016-09-21,206.369995,207.000000,201.559998,205.220001,205.220001,2633500
2016-09-22,206.399994,207.279999,203.000000,206.429993,206.429993,2382900
2016-09-23,205.990005,210.179993,205.669998,207.449997,207.449997,2905200
2016-09-26,206.500000,211.000000,206.500000,208.990005,208.990005,2394400
2016-09-27,209.649994,209.979996,204.610001,205.809998,205.809998,3373200
2016-09-28,207.509995,208.250000,205.259995,206.270004,206.270004,2088400
2016-09-29,205.600006,207.330002,200.580002,200.699997,200.699997,2727000
2016-09-30,202.210007,204.979996,199.550003,204.029999,204.029999,2586300
2016-10-03,212.300003,215.669998,208.250000,213.699997,213.699997,5999900
2016-10-04,213.100006,213.320007,208.820007,211.410004,211.410004,3541500
2016-10-05,212.240005,213.149994,208.119995,208.460007,208.460007,1877500
2016-10-06,202.460007,204.210007,200.210007,201.000000,201.000000,4703400
2016-10-07,201.000000,201.320007,195.800003,196.610001,196.610001,3493000
2016-10-10,201.350006,204.139999,199.660004,200.949997,200.949997,3303100
2016-10-11,201.850006,202.199997,198.309998,200.100006,200.100006,2328400
2016-10-12,200.949997,203.880005,200.419998,201.509995,201.509995,1970700
2016-10-13,200.500000,200.899994,197.050003,200.240005,200.240005,2494600
2016-10-14,200.660004,201.429993,196.300003,196.509995,196.509995,4269900
2016-10-17,197.050003,198.389999,192.000000,193.960007,193.960007,4554100
2016-10-18,195.990005,199.470001,193.259995,199.100006,199.100006,5669000
2016-10-19,199.740005,206.660004,198.059998,203.559998,203.559998,6991200
2016-10-20,202.119995,203.000000,197.050003,199.100006,199.100006,5072900
2016-10-21,198.600006,201.570007,197.410004,200.089996,200.089996,2943400
2016-10-24,201.000000,203.949997,200.250000,202.759995,202.759995,2751600
2016-10-25,202.899994,204.690002,201.199997,202.339996,202.339996,2445000
2016-10-26,201.000000,203.190002,200.100006,202.240005,202.240005,5632800
2016-10-27,211.339996,213.699997,201.649994,204.009995,204.009995,13093700
2016-10-28,204.000000,205.320007,199.830002,199.970001,199.970001,4280100
2016-10-31,202.490005,202.490005,195.809998,197.729996,197.729996,4692300
2016-11-01,198.039993,198.500000,188.110001,190.789993,190.789993,7060000
2016-11-02,190.050003,192.699997,187.509995,188.020004,188.020004,4253400
2016-11-03,189.000000,191.470001,187.039993,187.419998,187.419998,2653000
2016-11-04,189.000000,193.460007,185.960007,190.559998,190.559998,5146000
2016-11-07,193.589996,194.289993,190.050003,193.210007,193.210007,3870100
2016-11-08,193.789993,197.490005,191.259995,194.940002,194.940002,3251400
2016-11-09,186.880005,192.000000,183.949997,190.059998,190.059998,8173100
2016-11-10,191.050003,191.610001,180.419998,185.350006,185.350006,6750300
2016-11-11,184.240005,188.880005,183.000000,188.559998,188.559998,3988500
2016-11-14,188.000000,188.250000,178.190002,181.449997,181.449997,6542200
2016-11-15,182.779999,186.429993,182.050003,183.770004,183.770004,3902000
2016-11-16,182.649994,184.729996,181.210007,183.929993,183.929993,3430400
2016-11-17,183.490005,189.490005,182.110001,188.660004,188.660004,4887100
2016-11-18,190.649994,193.000000,185.000000,185.020004,185.020004,5210300
2016-11-21,185.039993,188.889999,184.410004,184.520004,184.520004,4361000
2016-11-22,185.839996,191.470001,183.710007,191.169998,191.169998,5603400
2016-11-23,190.610001,195.639999,189.000000,193.139999,193.139999,4885300
2016-11-25,193.639999,197.240005,193.639999,196.649994,196.649994,2366100
2016-11-28,195.479996,199.350006,194.550003,196.119995,196.119995,4529200
2016-11-29,195.559998,196.729996,189.500000,189.570007,189.570007,4439300
2016-11-30,191.000000,191.889999,187.500000,189.399994,189.399994,3547100
2016-12-01,188.250000,188.529999,181.000000,181.880005,181.880005,5126400
2016-12-02,182.880005,184.880005,180.000000,181.470001,181.470001,4042300
2016-12-05,182.509995,188.889999,182.509995,186.800003,186.800003,4072200
2016-12-06,185.520004,186.580002,182.679993,185.850006,185.850006,3391600
2016-12-07,186.149994,193.399994,185.000000,193.149994,193.149994,5461900
2016-12-08,192.050003,192.500000,189.539993,192.289993,192.289993,3194100
2016-12-09,190.869995,193.839996,190.809998,192.179993,192.179993,2722500
2016-12-12,192.800003,194.419998,191.179993,192.429993,192.429993,2438900
2016-12-13,193.179993,201.279999,193.000000,198.149994,198.149994,6823900
2016-12-14,198.740005,203.000000,196.759995,198.690002,198.690002,4150900
2016-12-15,198.410004,200.740005,197.389999,197.580002,197.580002,3219600
2016-12-16,198.080002,202.589996,197.600006,202.490005,202.490005,3779800
2016-12-19,202.490005,204.449997,199.839996,202.729996,202.729996,3488100
2016-12-20,203.050003,209.000000,202.500000,208.789993,208.789993,4689100
2016-12-21,208.449997,212.229996,207.410004,207.699997,207.699997,5207600
2016-12-22,208.220001,209.990005,206.500000,208.449997,208.449997,3111100
2016-12-23,208.000000,213.449997,207.710007,213.339996,213.339996,4662900
2016-12-27,214.880005,222.250000,214.419998,219.529999,219.529999,5915700
2016-12-28,221.529999,223.800003,217.199997,219.740005,219.740005,3782500
2016-12-29,218.559998,219.199997,214.119995,214.679993,214.679993,4035900
2016-12-30,216.300003,217.500000,211.679993,213.690002,213.690002,4642600
2017-01-03,214.860001,220.330002,210.960007,216.990005,216.990005,5923300
2017-01-04,214.750000,228.000000,214.309998,226.990005,226.990005,11213500
2017-01-05,226.419998,227.479996,221.949997,226.750000,226.750000,5911700
2017-01-06,226.929993,230.309998,225.449997,229.009995,229.009995,5527900
2017-01-09,228.970001,231.919998,228.000000,231.279999,231.279999,3957000
2017-01-10,232.000000,232.000000,226.889999,229.869995,229.869995,3660000
2017-01-11,229.070007,229.979996,226.679993,229.729996,229.729996,3650800
2017-01-12,229.059998,230.699997,225.580002,229.589996,229.589996,3790200
2017-01-13,230.000000,237.850006,229.589996,237.750000,237.750000,6093000
2017-01-17,236.699997,239.960007,234.369995,235.580002,235.580002,4611900
2017-01-18,236.649994,239.710007,235.580002,238.360001,238.360001,3769000
2017-01-19,247.250000,248.679993,240.750000,243.759995,243.759995,7732300
2017-01-20,245.460007,246.000000,243.009995,244.729996,244.729996,4204300
2017-01-23,245.850006,250.889999,245.500000,248.919998,248.919998,6262900
2017-01-24,250.000000,254.800003,249.649994,254.610001,254.610001,4965500
2017-01-25,257.309998,258.459991,251.800003,254.470001,254.470001,5142600
2017-01-26,254.289993,255.740005,250.750000,252.509995,252.509995,3152100
2017-01-27,251.380005,253.000000,248.520004,252.949997,252.949997,3166300
2017-01-30,252.529999,255.289993,247.100006,250.630005,250.630005,3801100
2017-01-31,249.240005,255.889999,247.699997,251.929993,251.929993,4116100
2017-02-01,253.050003,253.199997,249.050003,249.240005,249.240005,3958800
2017-02-02,248.339996,252.419998,247.710007,251.550003,251.550003,2499800
2017-02-03,251.910004,252.179993,249.679993,251.330002,251.330002,2186700
2017-02-06,251.000000,257.820007,250.630005,257.769989,257.769989,3562500
2017-02-07,258.190002,260.000000,256.420013,257.480011,257.480011,4244800
2017-02-08,257.350006,263.359985,256.200012,262.079987,262.079987,3933000
2017-02-09,266.250000,271.179993,266.149994,269.200012,269.200012,7820200
2017-02-10,269.790009,270.950012,266.109985,269.230011,269.230011,3619700
2017-02-13,270.739990,280.790009,270.510010,280.600006,280.600006,7029600
2017-02-14,279.029999,287.390015,278.609985,280.980011,280.980011,7329400
2017-02-15,280.000000,282.239990,276.440002,279.760010,279.760010,4947900
2017-02-16,277.600006,280.000000,268.500000,268.950012,268.950012,7077300
2017-02-17,265.799988,272.890015,264.149994,272.230011,272.230011,6257100
2017-02-21,275.450012,281.399994,274.010010,277.390015,277.390015,5676700
2017-02-22,280.309998,283.450012,272.600006,273.510010,273.510010,8755000
2017-02-23,264.000000,264.660004,255.559998,255.990005,255.990005,14915200
2017-02-24,252.660004,258.250000,250.199997,257.000000,257.000000,8171600
2017-02-27,248.169998,248.360001,242.009995,246.229996,246.229996,11460800
2017-02-28,244.190002,251.000000,243.899994,249.990005,249.990005,6078100
2017-03-01,254.179993,254.850006,249.110001,250.020004,250.020004,4809500
2017-03-02,249.710007,253.279999,248.270004,250.479996,250.479996,3351800
2017-03-03,250.740005,251.899994,249.000000,251.570007,251.570007,2919400
2017-03-06,247.910004,251.699997,247.509995,251.210007,251.210007,3355500
2017-03-07,251.919998,253.889999,248.320007,248.589996,248.589996,3459500
2017-03-08,247.000000,250.070007,245.320007,246.869995,246.869995,3725200
2017-03-09,247.630005,248.660004,243.000000,244.899994,244.899994,3879300
2017-03-10,246.210007,246.500000,243.000000,243.690002,243.690002,3066300
2017-03-13,244.820007,246.850006,242.779999,246.169998,246.169998,3022600
2017-03-14,246.110001,258.119995,246.020004,258.000000,258.000000,7598400
2017-03-15,257.000000,261.000000,254.270004,255.729996,255.729996,5330800
2017-03-16,262.399994,265.750000,259.059998,262.049988,262.049988,7132200
2017-03-17,264.000000,265.329987,261.200012,261.500000,261.500000,6497500
2017-03-20,260.600006,264.549988,258.820007,261.920013,261.920013,3614300
2017-03-21,262.829987,264.799988,250.240005,250.679993,250.679993,6908600
2017-03-22,251.559998,255.070007,250.509995,255.009995,255.009995,4059300
2017-03-23,255.389999,257.670013,253.300003,254.779999,254.779999,3320200
2017-03-24,255.699997,263.890015,255.009995,263.160004,263.160004,5647300
2017-03-27,260.600006,270.570007,259.750000,270.220001,270.220001,6230800
2017-03-28,277.019989,280.679993,275.000000,277.450012,277.450012,7987600
2017-03-29,278.339996,279.600006,275.540009,277.380005,277.380005,3676200
2017-03-30,278.040009,282.000000,277.209991,277.920013,277.920013,4148400
2017-03-31,278.730011,279.679993,276.320007,278.299988,278.299988,3294600
2017-04-03,286.899994,299.000000,284.579987,298.519989,298.519989,13888600
2017-04-04,296.890015,304.809998,294.529999,303.700012,303.700012,10134600
2017-04-05,302.040009,304.880005,294.200012,295.000000,295.000000,7880900
2017-04-06,296.880005,301.940002,294.100006,298.700012,298.700012,5520600
2017-04-07,297.500000,302.690002,297.149994,302.540009,302.540009,4579600
2017-04-10,309.149994,313.730011,308.709991,312.390015,312.390015,7664500
2017-04-11,313.380005,313.470001,305.500000,308.709991,308.709991,5724600
2017-04-12,306.339996,308.450012,296.320007,296.839996,296.839996,6050700
2017-04-13,296.700012,307.390015,295.299988,304.000000,304.000000,9284600
2017-04-17,302.700012,304.000000,298.679993,301.440002,301.440002,4138700
2017-04-18,299.700012,300.839996,297.899994,300.250000,300.250000,3035700
2017-04-19,302.459991,306.619995,302.109985,305.519989,305.519989,3898000
2017-04-20,306.510010,309.149994,300.230011,302.510010,302.510010,6149400
2017-04-21,302.000000,306.399994,300.420013,305.600006,305.600006,4509800
2017-04-24,309.220001,310.549988,306.019989,308.029999,308.029999,5083500
2017-04-25,308.000000,313.980011,305.859985,313.790009,313.790009,6737700
2017-04-26,312.369995,314.500000,309.000000,310.170013,310.170013,4695000
2017-04-27,311.690002,313.089996,307.500000,308.630005,308.630005,3468600
2017-04-28,309.829987,314.799988,308.000000,314.070007,314.070007,4463400
2017-05-01,314.880005,327.250000,314.809998,322.829987,322.829987,8829600
2017-05-02,324.000000,327.660004,316.559998,318.890015,318.890015,5382800
2017-05-03,317.670013,321.529999,310.450012,311.019989,311.019989,7133400
2017-05-04,307.440002,307.769989,290.760010,295.459991,295.459991,14152000
2017-05-05,298.000000,308.549988,296.799988,308.350006,308.350006,8177300
2017-05-08,310.899994,313.790009,305.820007,307.190002,307.190002,7006500
2017-05-09,309.380005,321.989990,309.100006,321.260010,321.260010,9676500
2017-05-10,321.559998,325.500000,318.119995,325.220001,325.220001,5741600
2017-05-11,323.399994,326.000000,319.600006,323.100006,323.100006,4753800
2017-05-12,325.480011,327.000000,321.529999,324.809998,324.809998,4121600
2017-05-15,318.380005,320.200012,312.529999,315.880005,315.880005,7622000
2017-05-16,317.589996,320.059998,315.140015,317.010010,317.010010,4152500
2017-05-17,314.390015,314.630005,305.500000,306.109985,306.109985,6711900
2017-05-18,307.000000,313.940002,305.309998,313.059998,313.059998,5653800
2017-05-19,315.500000,316.500000,310.200012,310.829987,310.829987,4687600
2017-05-22,312.799988,314.369995,306.799988,310.350006,310.350006,4329200
2017-05-23,310.459991,310.730011,303.480011,303.859985,303.859985,4318400
2017-05-24,306.510010,311.000000,305.399994,310.220001,310.220001,5033300
2017-05-25,311.019989,316.970001,307.809998,316.829987,316.829987,5014000
2017-05-26,317.279999,325.489990,316.309998,325.140015,325.140015,7802200
2017-05-30,326.000000,336.279999,325.760010,335.100006,335.100006,7782900
2017-05-31,337.690002,342.890015,335.160004,341.010010,341.010010,9963400
2017-06-01,344.000000,344.880005,337.290009,340.369995,340.369995,7608000
2017-06-02,339.769989,342.880005,335.929993,339.850006,339.850006,5590200
2017-06-05,338.500000,348.440002,334.209991,347.320007,347.320007,6784400
2017-06-06,344.700012,359.489990,339.970001,352.850006,352.850006,11086800
2017-06-07,356.339996,360.500000,355.140015,359.649994,359.649994,9398000
2017-06-08,363.750000,371.899994,360.220001,370.000000,370.000000,9009800
2017-06-09,374.420013,376.869995,354.799988,357.320007,357.320007,17261400
2017-06-12,357.989990,364.500000,350.619995,359.010010,359.010010,10517700
2017-06-13,367.619995,376.000000,366.609985,375.950012,375.950012,11807900
2017-06-14,381.089996,384.250000,376.309998,380.660004,380.660004,12818400
2017-06-15,372.500000,375.459991,366.489990,375.339996,375.339996,10426500
2017-06-16,377.980011,378.010010,370.100006,371.399994,371.399994,6731000
2017-06-19,375.000000,376.700012,367.799988,369.799988,369.799988,6549300
2017-06-20,376.670013,378.880005,369.730011,372.239990,372.239990,7438700
2017-06-21,374.350006,376.989990,368.019989,376.399994,376.399994,4923200
2017-06-22,377.989990,385.000000,373.570007,382.609985,382.609985,7529800
2017-06-23,382.450012,386.989990,379.350006,383.450012,383.450012,6445800
2017-06-26,386.690002,386.950012,373.100006,377.489990,377.489990,6604100
2017-06-27,376.399994,376.399994,362.019989,362.369995,362.369995,6996400
2017-06-28,366.679993,371.739990,362.519989,371.239990,371.239990,6302500
2017-06-29,370.609985,371.000000,354.100006,360.750000,360.750000,8221000
2017-06-30,363.709991,366.769989,359.619995,361.609985,361.609985,5848500
2017-07-03,370.239990,371.350006,351.500000,352.619995,352.619995,6305400
2017-07-05,347.200012,347.239990,326.329987,327.089996,327.089996,17046700
2017-07-06,317.260010,320.790009,306.299988,308.829987,308.829987,19324500
2017-07-07,313.500000,317.000000,307.380005,313.220001,313.220001,14176900
2017-07-10,312.899994,317.940002,303.130005,316.049988,316.049988,13820900
2017-07-11,316.000000,327.279999,314.299988,327.220001,327.220001,11559400
2017-07-12,330.399994,333.100006,324.500000,329.519989,329.519989,10346100
2017-07-13,330.109985,331.600006,319.970001,323.410004,323.410004,8594500
2017-07-14,323.190002,328.420013,321.220001,327.779999,327.779999,5625200
2017-07-17,325.540009,327.100006,313.450012,319.570007,319.570007,9876900
2017-07-18,317.500000,329.130005,315.660004,328.239990,328.239990,6373700
2017-07-19,328.230011,331.649994,323.220001,325.260010,325.260010,6357000
2017-07-20,326.899994,330.220001,324.200012,329.920013,329.920013,5166200
2017-07-21,329.459991,331.260010,325.799988,328.399994,328.399994,4901600
2017-07-24,330.239990,343.399994,330.010010,342.519989,342.519989,8637100
2017-07-25,345.000000,345.600006,334.149994,339.600006,339.600006,6989200
2017-07-26,340.359985,345.500000,338.119995,343.850006,343.850006,4820800
2017-07-27,346.000000,347.500000,326.290009,334.459991,334.459991,8302400
2017-07-28,336.890015,339.600006,332.510010,335.070007,335.070007,4880400
2017-07-31,335.500000,341.489990,321.040009,323.470001,323.470001,8535100
2017-08-01,323.000000,324.450012,316.130005,319.570007,319.570007,8303100
2017-08-02,318.940002,327.119995,311.220001,325.890015,325.890015,13091500
2017-08-03,345.329987,350.000000,343.149994,347.089996,347.089996,13535000
2017-08-04,347.000000,357.269989,343.299988,356.910004,356.910004,9268900
2017-08-07,357.350006,359.480011,352.750000,355.170013,355.170013,6324500
2017-08-08,357.529999,368.579987,357.399994,365.220001,365.220001,7449800
2017-08-09,361.000000,370.000000,358.950012,363.529999,363.529999,6892100
2017-08-10,361.600006,366.649994,354.660004,355.399994,355.399994,7092900
2017-08-11,356.970001,361.260010,353.619995,357.869995,357.869995,4365800
2017-08-14,364.630005,367.660004,362.600006,363.799988,363.799988,4502700
2017-08-15,365.200012,365.489990,359.369995,362.329987,362.329987,3085100
2017-08-16,363.000000,366.500000,362.519989,362.910004,362.910004,3413800
2017-08-17,361.209991,363.299988,351.589996,351.920013,351.920013,5027700
2017-08-18,352.910004,354.000000,345.799988,347.459991,347.459991,5408200
2017-08-21,345.820007,345.820007,331.850006,337.859985,337.859985,6495400
2017-08-22,341.130005,342.239990,337.369995,341.350006,341.350006,4322000
2017-08-23,338.989990,353.489990,338.299988,352.769989,352.769989,4954500
2017-08-24,352.519989,356.660004,349.739990,352.929993,352.929993,4584700
2017-08-25,354.239990,355.690002,347.299988,348.049988,348.049988,3484000
2017-08-28,347.279999,347.350006,339.720001,345.660004,345.660004,3764000
2017-08-29,339.480011,349.049988,338.750000,347.359985,347.359985,4073700
2017-08-30,349.670013,353.470001,347.000000,353.179993,353.179993,3412900
2017-08-31,353.549988,358.440002,352.820007,355.899994,355.899994,4072800
2017-09-01,356.119995,357.589996,353.690002,355.399994,355.399994,3049500
2017-09-05,353.799988,355.489990,345.890015,349.589996,349.589996,3835100
2017-09-06,349.500000,350.980011,341.559998,344.529999,344.529999,4091400
2017-09-07,345.980011,352.480011,343.450012,350.609985,350.609985,4239200
2017-09-08,348.989990,349.779999,342.299988,343.399994,343.399994,3263500
2017-09-11,351.350006,363.709991,350.000000,363.690002,363.690002,7667100
2017-09-12,364.489990,368.760010,360.399994,362.750000,362.750000,5972900
2017-09-13,363.820007,368.070007,359.589996,366.230011,366.230011,4185200
2017-09-14,364.329987,377.959991,362.630005,377.640015,377.640015,7202500
2017-09-15,374.510010,380.000000,372.700012,379.809998,379.809998,5420500
2017-09-18,380.250000,389.609985,377.679993,385.000000,385.000000,7188000
2017-09-19,380.000000,382.390015,373.570007,375.100006,375.100006,6451900
2017-09-20,373.000000,378.250000,371.070007,373.910004,373.910004,4919100
2017-09-21,374.899994,376.829987,364.510010,366.480011,366.480011,4618200
2017-09-22,366.489990,369.899994,350.880005,351.089996,351.089996,8159400
2017-09-25,353.149994,357.470001,342.880005,344.989990,344.989990,7605900
2017-09-26,350.929993,351.239990,340.899994,345.250000,345.250000,7156300
2017-09-27,349.899994,351.489990,340.500000,340.970001,340.970001,6060300
2017-09-28,339.880005,342.750000,335.399994,339.600006,339.600006,5319600
2017-09-29,341.859985,344.679993,338.600006,341.100006,341.100006,5107100
2017-10-02,342.519989,343.700012,335.510010,341.529999,341.529999,5286800
2017-10-03,335.899994,348.549988,331.279999,348.140015,348.140015,10153600
2017-10-04,351.250000,358.619995,349.600006,355.010010,355.010010,8163500
2017-10-05,356.000000,357.440002,351.350006,355.329987,355.329987,4171700
2017-10-06,353.100006,360.100006,352.250000,356.880005,356.880005,4297500
2017-10-09,349.649994,351.750000,342.670013,342.940002,342.940002,7493700
2017-10-10,346.799988,355.630005,345.529999,355.589996,355.589996,6978500
2017-10-11,353.890015,357.600006,351.149994,354.600006,354.600006,4500800
2017-10-12,352.950012,359.779999,352.640015,355.679993,355.679993,4087000
2017-10-13,356.980011,358.489990,353.679993,355.570007,355.570007,3540500
2017-10-16,353.760010,354.480011,347.160004,350.600006,350.600006,5375500
2017-10-17,350.910004,356.220001,350.070007,355.750000,355.750000,3293300
2017-10-18,355.970001,363.000000,354.130005,359.649994,359.649994,4939100
2017-10-19,355.559998,357.149994,348.200012,351.809998,351.809998,5061800
2017-10-20,352.690002,354.549988,344.339996,345.100006,345.100006,4930400
2017-10-23,349.880005,349.950012,336.250000,337.019989,337.019989,5747300
2017-10-24,338.799988,342.799988,336.160004,337.339996,337.339996,4491700
2017-10-25,336.700012,337.500000,323.559998,325.839996,325.839996,8594100
2017-10-26,327.779999,330.230011,323.200012,326.170013,326.170013,5023500
2017-10-27,319.750000,324.589996,316.660004,320.869995,320.869995,6979700
2017-10-30,319.179993,323.779999,317.250000,320.079987,320.079987,4254400
2017-10-31,320.230011,331.950012,320.179993,331.529999,331.529999,5672300
2017-11-01,332.250000,332.609985,320.260010,321.079987,321.079987,8457300
2017-11-02,300.130005,308.690002,292.630005,299.260010,299.260010,19791400
2017-11-03,299.500000,306.250000,295.130005,306.089996,306.089996,8894000
2017-11-06,307.000000,307.500000,299.010010,302.779999,302.779999,6474100
2017-11-07,301.019989,306.500000,300.029999,306.049988,306.049988,5294300
2017-11-08,305.500000,306.890015,301.299988,304.390015,304.390015,4725300
2017-11-09,302.500000,304.459991,296.299988,302.989990,302.989990,5447100
2017-11-10,302.500000,308.359985,301.850006,302.989990,302.989990,4625400
2017-11-13,300.130005,316.799988,299.109985,315.399994,315.399994,7584900
2017-11-14,315.000000,316.350006,306.899994,308.700012,308.700012,5676100
2017-11-15,306.010010,312.489990,301.500000,311.299988,311.299988,5978700
2017-11-16,313.989990,318.140015,311.299988,312.500000,312.500000,5822100
2017-11-17,325.670013,326.670013,313.149994,315.049988,315.049988,13735100
2017-11-20,313.790009,315.500000,304.750000,308.739990,308.739990,8247700
2017-11-21,310.859985,318.230011,308.709991,317.809998,317.809998,7261300
2017-11-22,316.769989,317.420013,311.839996,312.600006,312.600006,4917600
2017-11-24,313.790009,316.410004,311.000000,315.549988,315.549988,3244100
2017-11-27,313.250000,317.339996,309.510010,316.809998,316.809998,4555900
2017-11-28,316.359985,320.000000,313.920013,317.549988,317.549988,4949500
2017-11-29,317.299988,318.000000,301.230011,307.540009,307.540009,8767400
2017-11-30,308.559998,310.700012,304.540009,308.850006,308.850006,4351600
2017-12-01,305.440002,310.320007,305.049988,306.529999,306.529999,4292900
2017-12-04,306.500000,308.269989,300.609985,305.200012,305.200012,5835100
2017-12-05,302.000000,308.000000,301.000000,303.700012,303.700012,4646500
2017-12-06,300.100006,313.390015,300.000000,313.260010,313.260010,7195300
2017-12-07,312.000000,318.630005,311.049988,311.239990,311.239990,4780600
2017-12-08,314.600006,316.980011,311.260010,315.130005,315.130005,3468500
2017-12-11,314.630005,329.010010,313.750000,328.910004,328.910004,7938000
2017-12-12,330.450012,341.440002,330.029999,341.029999,341.029999,8733200
2017-12-13,340.929993,344.220001,336.500000,339.029999,339.029999,6221500
2017-12-14,341.010010,347.440002,336.899994,337.890015,337.890015,5799900
2017-12-15,342.040009,343.899994,335.760010,343.450012,343.450012,6933200
2017-12-18,344.899994,346.730011,337.579987,338.869995,338.869995,5476200
2017-12-19,340.260010,341.489990,330.299988,331.100006,331.100006,6825000
2017-12-20,332.690002,333.100006,325.040009,328.980011,328.980011,5953800
2017-12-21,329.589996,333.739990,327.209991,331.660004,331.660004,4385200
2017-12-22,329.510010,330.920013,324.820007,325.200012,325.200012,4215800
2017-12-26,323.829987,323.940002,316.579987,317.290009,317.290009,4378400
2017-12-27,316.000000,317.679993,310.750000,311.640015,311.640015,4712100
2017-12-28,311.750000,315.820007,309.540009,315.359985,315.359985,4316300
2017-12-29,316.179993,316.410004,310.000000,311.350006,311.350006,3777200
2018-01-02,312.000000,322.109985,311.000000,320.529999,320.529999,4352200
2018-01-03,321.000000,325.250000,315.549988,317.250000,317.250000,4521500
2018-01-04,312.869995,318.549988,305.679993,314.619995,314.619995,9946300
2018-01-05,316.619995,317.239990,312.000000,316.579987,316.579987,4591200
2018-01-08,316.000000,337.019989,315.500000,336.410004,336.410004,9859400
2018-01-09,335.160004,338.799988,327.399994,333.690002,333.690002,7146600
2018-01-10,332.200012,337.000000,330.000000,334.799988,334.799988,4309900
2018-01-11,335.239990,344.809998,333.260010,337.950012,337.950012,6645500
2018-01-12,338.630005,340.410004,333.670013,336.220001,336.220001,4825100
2018-01-16,337.540009,345.000000,334.799988,340.059998,340.059998,6474300
2018-01-17,340.470001,349.000000,339.750000,347.160004,347.160004,7083700
2018-01-18,345.670013,352.299988,343.739990,344.570007,344.570007,5685800
2018-01-19,345.000000,350.589996,342.600006,350.019989,350.019989,4888300
2018-01-22,349.399994,357.829987,349.200012,351.559998,351.559998,6210400
2018-01-23,360.000000,360.500000,351.000000,352.790009,352.790009,5465400
2018-01-24,354.579987,354.750000,343.519989,345.890015,345.890015,5287500
2018-01-25,348.269989,349.200012,336.399994,337.640015,337.640015,6740300
2018-01-26,341.500000,344.000000,335.709991,342.850006,342.850006,4539400
2018-01-29,339.850006,350.850006,338.279999,349.529999,349.529999,4747100
2018-01-30,345.140015,348.269989,342.170013,345.820007,345.820007,4717700
2018-01-31,347.510010,356.190002,345.190002,354.309998,354.309998,6214100
2018-02-01,351.000000,359.660004,348.630005,349.250000,349.250000,4197700
2018-02-02,348.440002,351.950012,340.510010,343.750000,343.750000,3704800
2018-02-05,337.970001,344.470001,333.000000,333.130005,333.130005,4464100
2018-02-06,325.209991,336.220001,323.500000,333.970001,333.970001,5088400
2018-02-07,338.989990,346.000000,335.660004,345.000000,345.000000,6969200
2018-02-08,343.309998,348.619995,314.600006,315.230011,315.230011,10314600
2018-02-09,319.929993,320.980011,294.760010,310.420013,310.420013,12933700
2018-02-12,316.130005,318.079987,306.250000,315.730011,315.730011,6227800
2018-02-13,315.019989,324.190002,312.510010,323.660004,323.660004,4560200
2018-02-14,320.839996,326.170013,318.519989,322.309998,322.309998,3950700
2018-02-15,324.500000,334.119995,322.399994,334.070007,334.070007,5912900
2018-02-16,332.500000,343.119995,331.640015,335.489990,335.489990,5642600
2018-02-20,334.470001,340.839996,331.500000,334.769989,334.769989,4009400
2018-02-21,336.029999,339.690002,333.170013,333.299988,333.299988,3219600
2018-02-22,335.529999,347.440002,334.750000,346.170013,346.170013,6969800
2018-02-23,347.829987,354.989990,347.100006,352.049988,352.049988,5817400
2018-02-26,353.500000,359.000000,352.359985,357.420013,357.420013,4340000
2018-02-27,356.250000,359.989990,350.010010,350.989990,350.989990,4797400
2018-02-28,352.570007,355.239990,342.220001,343.059998,343.059998,6069700
2018-03-01,345.010010,348.670013,330.070007,330.929993,330.929993,6885600
2018-03-02,326.980011,335.220001,322.970001,335.119995,335.119995,5092800
2018-03-05,332.390015,337.750000,329.290009,333.350006,333.350006,3823800
2018-03-06,333.750000,336.369995,327.029999,328.200012,328.200012,4285700
2018-03-07,325.440002,332.500000,321.739990,332.299988,332.299988,5007300
2018-03-08,332.859985,333.299988,326.269989,329.100006,329.100006,3566200
2018-03-09,324.100006,328.489990,322.369995,327.170013,327.170013,5506800
2018-03-12,328.609985,347.209991,326.500000,345.510010,345.510010,8264000
2018-03-13,328.609985,347.209991,326.500000,341.839996,341.839996,5965800
2018-03-14,336.760010,339.809998,323.929993,326.630005,326.630005,7967400
2018-03-15,329.380005,332.850006,321.100006,325.600006,325.600006,6564800
2018-03-16,322.929993,327.399994,319.070007,321.350006,321.350006,6117300
2018-03-19,316.500000,320.750000,309.670013,313.559998,313.559998,7484300
2018-03-20,314.869995,316.250000,308.760010,310.549988,310.549988,4764300
2018-03-21,310.250000,322.440002,310.190002,316.529999,316.529999,5958400
2018-03-22,313.890015,318.820007,308.179993,309.100006,309.100006,4939800
2018-03-23,311.250000,311.250000,300.450012,301.540009,301.540009,6654900
2018-03-26,307.339996,307.589996,291.359985,304.179993,304.179993,8375200
2018-03-27,304.000000,304.269989,277.179993,279.179993,279.179993,13872000
2018-03-28,264.579987,268.679993,252.100006,257.779999,257.779999,21001400
2018-03-29,256.489990,270.959991,248.210007,266.130005,266.130005,15170700
2018-04-02,256.260010,260.329987,244.589996,252.479996,252.479996,16114000
2018-04-03,269.820007,273.350006,254.490005,267.529999,267.529999,18844400
2018-04-04,252.779999,288.369995,252.000000,286.940002,286.940002,19896700
2018-04-05,289.339996,306.260010,288.200012,305.720001,305.720001,19121100
2018-04-06,301.000000,309.279999,295.500000,299.299988,299.299988,13520300
2018-04-09,300.369995,309.500000,289.209991,289.660004,289.660004,10249800
2018-04-10,298.970001,307.100006,293.679993,304.700012,304.700012,10989800
2018-04-11,300.739990,308.980011,299.660004,300.929993,300.929993,7482900
2018-04-12,302.320007,303.950012,293.679993,294.079987,294.079987,7608800
2018-04-13,303.600006,303.950012,295.980011,300.339996,300.339996,7327200
2018-04-16,299.000000,299.660004,289.010010,291.209991,291.209991,6338500
2018-04-17,288.869995,292.170013,282.510010,287.690002,287.690002,7000000
2018-04-18,291.079987,300.239990,288.160004,293.350006,293.350006,6557700
2018-04-19,291.079987,301.010010,288.549988,300.079987,300.079987,6090600
2018-04-20,295.170013,299.980011,289.750000,290.239990,290.239990,5627900
2018-04-23,291.290009,291.619995,282.329987,283.369995,283.369995,4893400
2018-04-24,285.000000,287.089996,278.459991,283.459991,283.459991,5685300
2018-04-25,283.500000,285.160004,277.250000,280.690002,280.690002,4013600
2018-04-26,278.750000,285.790009,276.500000,285.480011,285.480011,4356000
2018-04-27,285.369995,294.470001,283.829987,294.079987,294.079987,4364600
2018-04-30,293.609985,298.730011,292.500000,293.899994,293.899994,4228200
2018-05-01,293.510010,300.820007,293.220001,299.920013,299.920013,4625600
2018-05-02,298.570007,306.850006,297.779999,301.149994,301.149994,8970400
2018-05-03,278.790009,288.040009,275.230011,284.450012,284.450012,17352100
2018-05-04,283.000000,296.859985,279.519989,294.089996,294.089996,8569400
2018-05-07,297.500000,305.959991,295.170013,302.769989,302.769989,8678200
2018-05-08,300.799988,307.750000,299.000000,301.970001,301.970001,5930000
2018-05-09,300.410004,307.010010,300.049988,306.850006,306.850006,5727400
2018-05-10,307.500000,312.989990,304.109985,305.019989,305.019989,5651600
2018-05-11,307.700012,308.880005,299.079987,301.059998,301.059998,4679600
2018-05-14,303.320007,304.940002,291.619995,291.970001,291.970001,7286800
2018-05-15,285.010010,286.959991,280.500000,284.179993,284.179993,9519200
2018-05-16,283.829987,288.809998,281.559998,286.480011,286.480011,5674000
2018-05-17,285.899994,289.190002,283.970001,284.540009,284.540009,4420600
2018-05-18,284.649994,284.649994,274.000000,276.820007,276.820007,7251900
2018-05-21,281.329987,291.489990,281.299988,284.489990,284.489990,9182600
2018-05-22,287.760010,288.000000,273.420013,275.010010,275.010010,8945800
2018-05-23,277.760010,279.910004,274.000000,279.070007,279.070007,5953100
2018-05-24,278.399994,281.109985,274.890015,277.850006,277.850006,4176700
2018-05-25,277.630005,279.640015,275.609985,278.850006,278.850006,3875100
2018-05-29,278.510010,286.500000,276.149994,283.760010,283.760010,5666600
2018-05-30,283.290009,295.010010,281.600006,291.720001,291.720001,7489700
2018-05-31,287.209991,290.369995,282.929993,284.730011,284.730011,5919700
2018-06-01,285.859985,291.950012,283.839996,291.820007,291.820007,5424400
2018-06-04,294.339996,299.000000,293.549988,296.739990,296.739990,4797800
2018-06-05,297.700012,297.799988,286.739990,291.130005,291.130005,5995200
2018-06-06,300.500000,322.170013,297.480011,319.500000,319.500000,18767300
2018-06-07,316.149994,330.000000,313.579987,316.089996,316.089996,14345300
2018-06-08,319.000000,324.480011,317.149994,317.660004,317.660004,8205200
2018-06-11,322.510010,334.660004,322.500000,332.100006,332.100006,13183500
2018-06-12,344.700012,354.970001,338.000000,342.769989,342.769989,22347400
2018-06-13,346.709991,347.200012,339.799988,344.779999,344.779999,9469800
2018-06-14,347.630005,358.750000,346.600006,357.720001,357.720001,10981000
2018-06-15,353.839996,364.670013,351.250000,358.170013,358.170013,10848300
2018-06-18,355.399994,373.730011,354.500000,370.829987,370.829987,12073200
2018-06-19,365.160004,370.000000,346.250000,352.549988,352.549988,12761900
2018-06-20,358.040009,364.380005,352.000000,362.220001,362.220001,8383700
2018-06-21,362.000000,366.209991,346.269989,347.510010,347.510010,7967100
2018-06-22,351.540009,352.250000,332.000000,333.630005,333.630005,10266100
2018-06-25,330.119995,338.470001,327.500000,333.010010,333.010010,6931300
2018-06-26,336.049988,343.549988,325.799988,342.000000,342.000000,7452500
2018-06-27,345.000000,350.790009,339.500000,344.500000,344.500000,8333700
2018-06-28,348.660004,357.019989,346.109985,349.929993,349.929993,8398000
2018-06-29,353.329987,353.859985,342.410004,342.950012,342.950012,6492400
2018-07-02,360.070007,364.779999,329.850006,335.070007,335.070007,18759800
2018-07-03,331.750000,332.489990,309.690002,310.859985,310.859985,12282600
2018-07-05,313.760010,314.390015,296.220001,309.160004,309.160004,17476400
2018-07-06,304.950012,312.070007,302.000000,308.899994,308.899994,8865500
2018-07-09,311.989990,318.519989,308.000000,318.510010,318.510010,7596800
2018-07-10,324.559998,327.679993,319.200012,322.470001,322.470001,9471500
2018-07-11,315.799988,321.940002,315.070007,318.959991,318.959991,4884100
2018-07-12,321.429993,323.230011,312.769989,316.709991,316.709991,5721200
2018-07-13,315.579987,319.579987,309.250000,318.869995,318.869995,5869800
2018-07-16,311.709991,315.160004,306.250000,310.100006,310.100006,7818700
2018-07-17,308.809998,324.739990,308.500000,322.690002,322.690002,6996200
2018-07-18,325.000000,325.500000,316.250000,323.850006,323.850006,5624200
2018-07-19,316.329987,323.540009,314.010010,320.230011,320.230011,5915300
2018-07-20,321.230011,323.239990,311.709991,313.579987,313.579987,5162200
2018-07-23,301.839996,305.500000,292.859985,303.200012,303.200012,10992900
2018-07-24,304.420013,307.720001,292.549988,297.429993,297.429993,9590800
2018-07-25,296.739990,309.619995,294.500000,308.739990,308.739990,7075400
2018-07-26,304.850006,310.700012,303.640015,306.649994,306.649994,4630500
2018-07-27,307.250000,307.690002,295.339996,297.179993,297.179993,5703300
2018-07-30,295.899994,296.100006,286.130005,290.170013,290.170013,6814100
2018-07-31,292.250000,298.320007,289.070007,298.140015,298.140015,5076900
2018-08-01,297.989990,303.000000,293.000000,300.839996,300.839996,10129400
2018-08-02,328.440002,349.989990,323.160004,349.540009,349.540009,23215000
2018-08-03,347.809998,355.000000,342.529999,348.170013,348.170013,13656500
2018-08-06,345.459991,354.980011,341.820007,341.989990,341.989990,8564300
2018-08-07,343.839996,387.459991,339.149994,379.570007,379.570007,30875800
2018-08-08,369.089996,382.640015,367.119995,370.339996,370.339996,24571200
2018-08-09,365.549988,367.010010,345.730011,352.450012,352.450012,17103700
2018-08-10,354.000000,360.000000,346.000000,355.489990,355.489990,11552000
2018-08-13,361.130005,363.190002,349.019989,356.410004,356.410004,10450200
2018-08-14,358.450012,359.200012,347.100006,347.640015,347.640015,6986400
2018-08-15,341.910004,344.489990,332.140015,338.690002,338.690002,9101300
2018-08-16,339.910004,342.279999,333.820007,335.450012,335.450012,6064000
2018-08-17,323.500000,326.769989,303.529999,305.500000,305.500000,18958600
2018-08-20,291.700012,308.500000,288.200012,308.440002,308.440002,17402300
2018-08-21,310.609985,324.790009,309.000000,321.899994,321.899994,13172200
2018-08-22,320.869995,323.880005,314.670013,321.640015,321.640015,5946000
2018-08-23,319.140015,327.320007,318.100006,320.100006,320.100006,5147300
2018-08-24,320.700012,323.850006,319.399994,322.820007,322.820007,3602600
2018-08-27,318.000000,322.440002,308.809998,319.269989,319.269989,13079300
2018-08-28,318.410004,318.880005,311.190002,311.859985,311.859985,7649100
2018-08-29,310.269989,311.850006,303.690002,305.010010,305.010010,7447400
2018-08-30,302.260010,304.600006,297.720001,303.149994,303.149994,7216700
2018-08-31,302.000000,305.309998,298.600006,301.660004,301.660004,5375100
2018-09-04,296.940002,298.190002,288.000000,288.950012,288.950012,8350500
2018-09-05,285.049988,286.779999,277.179993,280.739990,280.739990,7720800
2018-09-06,284.799988,291.170013,278.880005,280.950012,280.950012,7480800
2018-09-07,260.100006,268.350006,252.250000,263.239990,263.239990,22491900
2018-09-10,273.260010,286.029999,271.000000,285.500000,285.500000,14283500
2018-09-11,279.470001,282.000000,273.549988,279.440002,279.440002,9170000
2018-09-12,281.440002,292.500000,278.649994,290.540009,290.540009,10015400
2018-09-13,288.019989,295.000000,285.179993,289.459991,289.459991,6340300
2018-09-14,288.760010,297.329987,286.519989,295.200012,295.200012,6765600
2018-09-17,290.040009,300.869995,288.130005,294.839996,294.839996,6887600
2018-09-18,296.690002,302.640015,275.500000,284.959991,284.959991,16547500
2018-09-19,280.510010,300.000000,280.500000,299.019989,299.019989,8294900
2018-09-20,303.559998,305.980011,293.329987,298.329987,298.329987,7349400
2018-09-21,297.700012,300.579987,295.369995,299.100006,299.100006,5050500
2018-09-24,298.480011,303.000000,293.579987,299.679993,299.679993,4843000
2018-09-25,300.000000,304.600006,296.500000,300.989990,300.989990,4481700
2018-09-26,301.910004,313.890015,301.109985,309.579987,309.579987,7843200
2018-09-27,312.899994,314.959991,306.910004,307.519989,307.519989,8509100
2018-09-28,270.260010,278.000000,260.559998,264.769989,264.769989,33649700
2018-10-01,305.769989,311.440002,301.049988,310.700012,310.700012,21777600
2018-10-02,313.950012,316.839996,299.149994,301.019989,301.019989,11743500
2018-10-03,303.329987,304.600006,291.570007,294.799988,294.799988,7995000
2018-10-04,293.950012,294.000000,277.670013,281.829987,281.829987,9814200
2018-10-05,274.649994,274.880005,260.000000,261.950012,261.950012,17944500
2018-10-08,264.519989,267.760010,249.000000,250.559998,250.559998,13472700
2018-10-09,255.250000,266.769989,253.300003,262.799988,262.799988,12060600
2018-10-10,264.609985,265.510010,247.770004,256.880005,256.880005,12815300
2018-10-11,257.529999,262.250000,249.029999,252.229996,252.229996,8167700
2018-10-12,261.000000,261.989990,252.009995,258.779999,258.779999,7201400
2018-10-15,259.059998,263.279999,254.539993,259.589996,259.589996,6200000
2018-10-16,265.700012,277.380005,262.239990,276.589996,276.589996,9526400
2018-10-17,282.399994,282.700012,265.799988,271.779999,271.779999,8655500
2018-10-18,269.290009,271.000000,263.000000,263.910004,263.910004,5421200
2018-10-19,267.390015,269.660004,253.500000,260.000000,260.000000,9375500
2018-10-22,260.679993,261.859985,252.589996,260.950012,260.950012,5600300
2018-10-23,263.869995,297.929993,262.100006,294.140015,294.140015,19027800
2018-10-24,301.049988,304.440002,285.730011,288.500000,288.500000,20058300
2018-10-25,317.220001,321.000000,301.010010,314.859985,314.859985,20840700
2018-10-26,308.250000,339.899994,306.649994,330.899994,330.899994,27425500
2018-10-29,337.470001,347.160004,326.500000,334.850006,334.850006,14486000
2018-10-30,328.390015,337.899994,322.260010,329.899994,329.899994,9126700
2018-10-31,332.540009,342.000000,329.100006,337.320007,337.320007,7624300
2018-11-01,338.260010,347.839996,334.730011,344.279999,344.279999,8000100
2018-11-02,343.739990,349.200012,340.910004,346.410004,346.410004,7808000
2018-11-05,340.500000,343.959991,330.140015,341.399994,341.399994,7831000
2018-11-06,339.070007,348.799988,336.089996,341.059998,341.059998,6762900
2018-11-07,343.339996,351.179993,340.799988,348.160004,348.160004,7374500
2018-11-08,348.500000,357.579987,348.440002,351.399994,351.399994,7090700
2018-11-09,349.000000,354.000000,345.230011,350.510010,350.510010,5098800
2018-11-12,348.369995,349.779999,330.339996,331.279999,331.279999,6941500
2018-11-13,333.160004,344.700012,332.200012,338.730011,338.730011,5448600
2018-11-14,342.700012,347.109985,337.149994,344.000000,344.000000,5040300
2018-11-15,342.329987,348.579987,339.040009,348.440002,348.440002,4625700
2018-11-16,345.190002,355.700012,345.119995,354.309998,354.309998,7206200
2018-11-19,356.339996,366.750000,352.880005,353.470001,353.470001,9708900
2018-11-20,341.750000,349.799988,333.549988,347.489990,347.489990,8004700
2018-11-21,352.000000,353.100006,337.399994,338.190002,338.190002,4686800
2018-11-23,334.350006,337.500000,325.549988,325.829987,325.829987,4202600
2018-11-26,325.000000,346.220001,325.000000,346.000000,346.000000,7992100
2018-11-27,340.049988,346.959991,335.500000,343.920013,343.920013,6358300
2018-11-28,345.989990,348.279999,342.209991,347.869995,347.869995,4127600
2018-11-29,347.000000,347.500000,339.549988,341.170013,341.170013,3080700
2018-11-30,341.829987,351.600006,338.260010,350.480011,350.480011,5629100
2018-12-03,360.000000,366.000000,352.000000,358.489990,358.489990,8306500
2018-12-04,356.049988,368.679993,352.000000,359.700012,359.700012,8461900
2018-12-06,356.010010,367.380005,350.760010,363.059998,363.059998,7842500
2018-12-07,369.000000,379.489990,357.649994,357.970001,357.970001,11511200
2018-12-10,360.000000,365.980011,353.119995,365.149994,365.149994,6613500
2018-12-11,369.910004,372.170013,360.230011,366.760010,366.760010,6308800
2018-12-12,369.420013,371.910004,365.160004,366.600006,366.600006,5027000
2018-12-13,370.149994,377.440002,366.750000,376.790009,376.790009,7365900
2018-12-14,375.000000,377.869995,364.329987,365.709991,365.709991,6337600
2018-12-17,362.000000,365.700012,343.880005,348.420013,348.420013,7674000
2018-12-18,350.540009,351.549988,333.690002,337.029999,337.029999,7100000
2018-12-19,337.600006,347.010010,329.739990,332.970001,332.970001,8274200
2018-12-20,327.049988,330.290009,311.869995,315.380005,315.380005,9071900
2018-12-21,317.399994,323.470001,312.440002,319.769989,319.769989,8016800
2018-12-24,313.500000,314.500000,295.200012,295.390015,295.390015,5559900
2018-12-26,300.000000,326.970001,294.089996,326.089996,326.089996,8163100
2018-12-27,319.839996,322.170013,301.500000,316.130005,316.130005,8575100
2018-12-28,323.100006,336.239990,318.410004,333.869995,333.869995,9939000
2018-12-31,337.790009,339.209991,325.260010,332.799988,332.799988,6302300
2019-01-02,306.100006,315.130005,298.799988,310.119995,310.119995,11658600
2019-01-03,307.000000,309.399994,297.380005,300.359985,300.359985,6954400
2019-01-04,306.000000,318.000000,302.730011,317.690002,317.690002,7394100
2019-01-07,321.720001,336.739990,317.750000,334.959991,334.959991,7551200
2019-01-08,341.959991,344.010010,327.019989,335.350006,335.350006,7008500
2019-01-09,335.500000,343.500000,331.470001,338.529999,338.529999,5432900
2019-01-10,334.399994,345.390015,331.790009,344.970001,344.970001,6056400
2019-01-11,342.089996,348.410004,338.769989,347.260010,347.260010,5039100
2019-01-14,342.380005,342.500000,334.000000,334.399994,334.399994,5247300
2019-01-15,335.000000,348.799988,334.500000,344.429993,344.429993,6056600
2019-01-16,344.779999,352.000000,343.500000,346.049988,346.049988,4691700
2019-01-17,346.209991,351.500000,344.149994,347.309998,347.309998,3676700
2019-01-18,323.000000,327.130005,299.730011,302.260010,302.260010,24150800
2019-01-22,304.820007,308.000000,295.500000,298.920013,298.920013,12066700
2019-01-23,292.500000,294.500000,281.690002,287.589996,287.589996,12530000
2019-01-24,283.029999,293.679993,279.279999,291.510010,291.510010,8012200
2019-01-25,294.390015,298.519989,289.549988,297.040009,297.040009,7249600
2019-01-28,292.910004,297.459991,287.750000,296.380005,296.380005,6423300
2019-01-29,295.269989,298.559998,291.799988,297.459991,297.459991,4621700
2019-01-30,300.450012,309.000000,298.489990,308.769989,308.769989,11250300
2019-01-31,301.000000,311.559998,294.000000,307.019989,307.019989,12569200
2019-02-01,305.420013,316.100006,303.500000,312.209991,312.209991,7283400
2019-02-04,312.980011,315.299988,301.880005,312.890015,312.890015,7352100
2019-02-05,312.489990,322.440002,312.250000,321.350006,321.350006,6742800
2019-02-06,319.589996,324.239990,315.619995,317.220001,317.220001,5038500
2019-02-07,313.299988,314.700012,303.000000,307.510010,307.510010,6520600
2019-02-08,306.829987,307.450012,298.500000,305.799988,305.799988,5844200
2019-02-11,311.600006,318.600006,310.500000,312.839996,312.839996,7129700
2019-02-12,316.200012,318.190002,309.619995,311.809998,311.809998,5517600
2019-02-13,312.350006,312.750000,305.570007,308.170013,308.170013,5141600
2019-02-14,303.380005,306.769989,301.000000,303.769989,303.769989,5200800
2019-02-15,304.500000,308.000000,303.899994,307.880005,307.880005,3904900
2019-02-19,306.559998,311.540009,305.470001,305.640015,305.640015,4168400
2019-02-20,304.410004,306.299988,299.000000,302.559998,302.559998,7142100
2019-02-21,301.809998,303.239990,290.500000,291.230011,291.230011,8909200
2019-02-22,294.489990,296.500000,292.100006,294.709991,294.709991,5740600
2019-02-25,297.910004,302.899994,297.000000,298.769989,298.769989,6626500
2019-02-26,292.220001,302.010010,288.769989,297.859985,297.859985,8582500
2019-02-27,301.779999,316.299988,300.549988,314.739990,314.739990,11183900
2019-02-28,318.920013,320.000000,310.809998,319.880005,319.880005,10520700
2019-03-01,306.940002,307.130005,291.899994,294.790009,294.790009,22911400
2019-03-04,298.119995,299.000000,282.779999,285.359985,285.359985,17096800
2019-03-05,282.000000,284.000000,270.100006,276.540009,276.540009,18764700
2019-03-06,276.480011,281.510010,274.390015,276.239990,276.239990,10335500
2019-03-07,278.839996,284.700012,274.250000,276.589996,276.589996,9420000
2019-03-08,276.910004,285.589996,275.890015,284.140015,284.140015,8819600
2019-03-11,283.519989,291.279999,280.500000,290.920013,290.920013,7392300
2019-03-12,286.489990,288.070007,281.059998,283.359985,283.359985,7504100
2019-03-13,283.899994,291.989990,282.700012,288.959991,288.959991,6844700
2019-03-14,292.450012,295.390015,288.290009,289.959991,289.959991,7103400
2019-03-15,283.510010,283.720001,274.399994,275.429993,275.429993,14785500
2019-03-18,276.000000,278.049988,267.299988,269.489990,269.489990,10281000
2019-03-19,267.500000,273.299988,263.459991,267.470001,267.470001,11800600
2019-03-20,269.690002,274.970001,266.299988,273.600006,273.600006,6908200
2019-03-21,272.600006,276.450012,268.450012,274.019989,274.019989,5947100
2019-03-22,272.579987,272.799988,264.000000,264.529999,264.529999,8745600
2019-03-25,259.709991,263.179993,254.460007,260.420013,260.420013,10215000
2019-03-26,264.440002,270.260010,264.429993,267.769989,267.769989,7350900
2019-03-27,268.750000,275.369995,268.179993,274.829987,274.829987,8779200
2019-03-28,277.160004,280.329987,275.100006,278.619995,278.619995,6774100
2019-03-29,278.700012,280.160004,274.500000,279.859985,279.859985,5991300
2019-04-01,282.619995,289.200012,281.279999,289.179993,289.179993,8110400
2019-04-02,288.299988,289.440002,283.880005,285.880005,285.880005,5478900
2019-04-03,287.320007,296.170013,287.170013,291.809998,291.809998,7929900
2019-04-04,261.890015,271.200012,260.589996,267.779999,267.779999,23720700
2019-04-05,269.859985,276.100006,266.109985,274.959991,274.959991,13038300
2019-04-08,277.690002,281.160004,270.440002,273.200012,273.200012,10410400
2019-04-09,271.649994,275.000000,269.609985,272.309998,272.309998,5904000
2019-04-10,276.739990,278.380005,272.890015,276.059998,276.059998,7061300
2019-04-11,268.299988,270.500000,265.600006,268.420013,268.420013,9835900
2019-04-12,270.220001,271.950012,266.829987,267.700012,267.700012,6746000
2019-04-15,268.630005,268.880005,258.630005,266.380005,266.380005,10038600
2019-04-16,265.750000,275.000000,264.720001,273.359985,273.359985,7272900
2019-04-17,274.750000,274.790009,268.540009,271.230011,271.230011,5126500
2019-04-18,271.230011,274.839996,269.750000,273.260010,273.260010,5876300
2019-04-22,269.000000,269.679993,262.480011,262.750000,262.750000,12147100
2019-04-23,260.149994,265.600006,255.750000,263.899994,263.899994,10943900
2019-04-24,263.850006,265.320007,258.000000,258.660004,258.660004,10727500
2019-04-25,255.000000,259.000000,246.070007,247.630005,247.630005,21849400
2019-04-26,246.500000,246.679993,231.130005,235.139999,235.139999,22360700
2019-04-29,235.860001,243.979996,232.169998,241.470001,241.470001,16714500
2019-04-30,242.059998,244.210007,237.000000,238.690002,238.690002,9464600
2019-05-01,238.850006,240.000000,231.500000,234.009995,234.009995,10704400
2019-05-02,245.520004,247.130005,237.720001,244.100006,244.100006,18159300
2019-05-03,243.860001,256.609985,243.490005,255.029999,255.029999,23697300
